id	Label	kingdom
A1_unidentified archaeon	A1_unidentified archaeon	Archaea
A10_Methanosaeta	A10_Methanosaeta	Archaea
A103_uncultured euryarchaeote	A103_uncultured euryarchaeote	Archaea
A105_uncultured Bathyarchaeota archaeon	A105_uncultured Bathyarchaeota archaeon	Archaea
A108_uncultured euryarchaeote	A108_uncultured euryarchaeote	Archaea
A12_Methanobacterium	A12_Methanobacterium	Archaea
A13_Candidatus Methanoperedens	A13_Candidatus Methanoperedens	Archaea
A130_uncultured archaeon	A130_uncultured archaeon	Archaea
A14_Candidatus Nitrosotalea	A14_Candidatus Nitrosotalea	Archaea
A143_uncultured euryarchaeote	A143_uncultured euryarchaeote	Archaea
A156_uncultured archaeon	A156_uncultured archaeon	Archaea
A16_Candidatus Nitrocosmicus	A16_Candidatus Nitrocosmicus	Archaea
A174_o_NA	A174_o_NA	Archaea
A177_o_NA	A177_o_NA	Archaea
A181_o_NA	A181_o_NA	Archaea
A19_Methanocella	A19_Methanocella	Archaea
A2_o_NA	A2_o_NA	Archaea
A20_Rice Cluster I	A20_Rice Cluster I	Archaea
A209_f_uncultured	A209_f_uncultured	Archaea
A21_Methanosarcina	A21_Methanosarcina	Archaea
A213_uncultured euryarchaeote	A213_uncultured euryarchaeote	Archaea
A216_o_NA	A216_o_NA	Archaea
A218_Candidatus Diapherotrites archaeon ADurb.Bin253	A218_Candidatus Diapherotrites archaeon ADurb.Bin253	Archaea
A224_Candidatus Nitrosotenuis	A224_Candidatus Nitrosotenuis	Archaea
A23_uncultured methanogenic archaeon	A23_uncultured methanogenic archaeon	Archaea
A24_uncultured methanogenic archaeon	A24_uncultured methanogenic archaeon	Archaea
A245_uncultured haloarchaeon	A245_uncultured haloarchaeon	Archaea
A259_uncultured bacterium	A259_uncultured bacterium	Archaea
A26_uncultured Methanomicrobiales archaeon	A26_uncultured Methanomicrobiales archaeon	Archaea
A27_Methanosaeta	A27_Methanosaeta	Archaea
A278_Methanomassiliicoccus	A278_Methanomassiliicoccus	Archaea
A297_uncultured archaeon	A297_uncultured archaeon	Archaea
A3_o_NA	A3_o_NA	Archaea
A31_Methanosaeta	A31_Methanosaeta	Archaea
A321_o_NA	A321_o_NA	Archaea
A349_o_NA	A349_o_NA	Archaea
A36_Methanosarcina	A36_Methanosarcina	Archaea
A399_Candidatus Diapherotrites archaeon ADurb.Bin253	A399_Candidatus Diapherotrites archaeon ADurb.Bin253	Archaea
A4_Methanosaeta	A4_Methanosaeta	Archaea
A417_o_Marine Group II	A417_o_Marine Group II	Archaea
A427_uncultured euryarchaeote	A427_uncultured euryarchaeote	Archaea
A43_uncultured euryarchaeote	A43_uncultured euryarchaeote	Archaea
A44_Methanosaeta	A44_Methanosaeta	Archaea
A46_Methanosaeta	A46_Methanosaeta	Archaea
A47_Methanobacterium	A47_Methanobacterium	Archaea
A48_unidentified archaeon	A48_unidentified archaeon	Archaea
A482_uncultured	A482_uncultured	Archaea
A49_o_NA	A49_o_NA	Archaea
A5_uncultured methanogenic archaeon	A5_uncultured methanogenic archaeon	Archaea
A50_Candidatus Methanoperedens	A50_Candidatus Methanoperedens	Archaea
A53_uncultured euryarchaeote	A53_uncultured euryarchaeote	Archaea
A55_Methanosarcina	A55_Methanosarcina	Archaea
A566_uncultured euryarchaeote	A566_uncultured euryarchaeote	Archaea
A572_uncultured crenarchaeote	A572_uncultured crenarchaeote	Archaea
A6_Candidatus Methanoperedens	A6_Candidatus Methanoperedens	Archaea
A61_Methanosaeta	A61_Methanosaeta	Archaea
A613_uncultured archaeon	A613_uncultured archaeon	Archaea
A63_Methanosarcina	A63_Methanosarcina	Archaea
A66_Methanosaeta	A66_Methanosaeta	Archaea
A69_Methanoregula	A69_Methanoregula	Archaea
A7_f_uncultured	A7_f_uncultured	Archaea
A71_uncultured methanogenic archaeon	A71_uncultured methanogenic archaeon	Archaea
A717_uncultured archaeon	A717_uncultured archaeon	Archaea
A72_uncultured crenarchaeote	A72_uncultured crenarchaeote	Archaea
A73_uncultured	A73_uncultured	Archaea
A78_Methanocella	A78_Methanocella	Archaea
A782_uncultured archaeon	A782_uncultured archaeon	Archaea
A79_uncultured marine crenarchaeote E6-3G	A79_uncultured marine crenarchaeote E6-3G	Archaea
A8_Methanobacterium	A8_Methanobacterium	Archaea
A82_Candidatus Nitrosoarchaeum	A82_Candidatus Nitrosoarchaeum	Archaea
A850_uncultured archaeon	A850_uncultured archaeon	Archaea
A87_uncultured	A87_uncultured	Archaea
A89_Methanomassiliicoccus	A89_Methanomassiliicoccus	Archaea
A9_Methanoregula	A9_Methanoregula	Archaea
A925_Candidatus Staskawiczbacteria bacterium RIFOXYA2_FULL_32_7	A925_Candidatus Staskawiczbacteria bacterium RIFOXYA2_FULL_32_7	Archaea
A944_archaeon GW2011_AR13	A944_archaeon GW2011_AR13	Archaea
A96_uncultured euryarchaeote	A96_uncultured euryarchaeote	Archaea
A98_uncultured archaeon	A98_uncultured archaeon	Archaea
B1_uncultured prokaryote	B1_uncultured prokaryote	Bacteria
B10_f_Xanthobacteraceae	B10_f_Xanthobacteraceae	Bacteria
B100_Sphingomonas	B100_Sphingomonas	Bacteria
B1004_ADurb.Bin063-1	B1004_ADurb.Bin063-1	Bacteria
B1007_Subgroup 10	B1007_Subgroup 10	Bacteria
B1008_Ellin6067	B1008_Ellin6067	Bacteria
B1009_uncultured bacterium	B1009_uncultured bacterium	Bacteria
B101_o_S085	B101_o_S085	Bacteria
B1013_uncultured	B1013_uncultured	Bacteria
B1016_uncultured soil bacterium	B1016_uncultured soil bacterium	Bacteria
B1018_o_NA	B1018_o_NA	Bacteria
B1019_uncultured Cytophagales bacterium	B1019_uncultured Cytophagales bacterium	Bacteria
B102_f_Micrococcaceae	B102_f_Micrococcaceae	Bacteria
B1020_uncultured forest soil bacterium	B1020_uncultured forest soil bacterium	Bacteria
B1025_f_possible family 01	B1025_f_possible family 01	Bacteria
B1026_Armatimonadetes bacterium 55-13	B1026_Armatimonadetes bacterium 55-13	Bacteria
B103_Porphyrobacter	B103_Porphyrobacter	Bacteria
B1034_uncultured soil bacterium	B1034_uncultured soil bacterium	Bacteria
B1036_Conexibacter	B1036_Conexibacter	Bacteria
B10377_Ignavibacterium	B10377_Ignavibacterium	Bacteria
B1038_Anaeromyxobacter	B1038_Anaeromyxobacter	Bacteria
B104_f_uncultured	B104_f_uncultured	Bacteria
B1040_Crenothrix	B1040_Crenothrix	Bacteria
B1043_uncultured proteobacterium	B1043_uncultured proteobacterium	Bacteria
B10440_uncultured soil bacterium	B10440_uncultured soil bacterium	Bacteria
B1054_uncultured Bellilinea sp.	B1054_uncultured Bellilinea sp.	Bacteria
B1056_f_Pedosphaeraceae	B1056_f_Pedosphaeraceae	Bacteria
B1059_Gemmatimonas	B1059_Gemmatimonas	Bacteria
B106_Oryzihumus	B106_Oryzihumus	Bacteria
B1064_uncultured eubacterium WCHB1-50	B1064_uncultured eubacterium WCHB1-50	Bacteria
B1066_metagenome	B1066_metagenome	Bacteria
B1067_uncultured	B1067_uncultured	Bacteria
B10687_Haliangium	B10687_Haliangium	Bacteria
B1069_Anaerolinea	B1069_Anaerolinea	Bacteria
B107_f_Micrococcaceae	B107_f_Micrococcaceae	Bacteria
B1075_uncultured	B1075_uncultured	Bacteria
B1077_o_DS-100	B1077_o_DS-100	Bacteria
B108_uncultured prokaryote	B108_uncultured prokaryote	Bacteria
B1084_Clostridium sensu stricto 5	B1084_Clostridium sensu stricto 5	Bacteria
B1087_Thermoanaerobaculum	B1087_Thermoanaerobaculum	Bacteria
B1089_uncultured bacterium	B1089_uncultured bacterium	Bacteria
B109_Syntrophobacter	B109_Syntrophobacter	Bacteria
B1093_Nitrospira	B1093_Nitrospira	Bacteria
B1095_Candidatus Solibacter	B1095_Candidatus Solibacter	Bacteria
B1098_uncultured beta proteobacterium	B1098_uncultured beta proteobacterium	Bacteria
B1099_JGI 0001001-H03	B1099_JGI 0001001-H03	Bacteria
B10992_f_Pedosphaeraceae	B10992_f_Pedosphaeraceae	Bacteria
B11_f_SC-I-84	B11_f_SC-I-84	Bacteria
B1100_uncultured bacterium	B1100_uncultured bacterium	Bacteria
B1101_uncultured	B1101_uncultured	Bacteria
B11031_Hydrogenispora	B11031_Hydrogenispora	Bacteria
B1105_uncultured bacterium	B1105_uncultured bacterium	Bacteria
B1106_uncultured	B1106_uncultured	Bacteria
B1108_o_NA	B1108_o_NA	Bacteria
B1109_Arenimonas	B1109_Arenimonas	Bacteria
B1112_uncultured proteobacterium	B1112_uncultured proteobacterium	Bacteria
B1118_Herminiimonas	B1118_Herminiimonas	Bacteria
B11183_o_NA	B11183_o_NA	Bacteria
B1125_Rhodanobacter	B1125_Rhodanobacter	Bacteria
B1126_uncultured bacterium	B1126_uncultured bacterium	Bacteria
B113_uncultured Sphingobacteriales bacterium	B113_uncultured Sphingobacteriales bacterium	Bacteria
B1131_uncultured soil bacterium	B1131_uncultured soil bacterium	Bacteria
B1139_uncultured bacterium	B1139_uncultured bacterium	Bacteria
B1141_f_Archangiaceae	B1141_f_Archangiaceae	Bacteria
B1142_uncultured Acidobacteria bacterium	B1142_uncultured Acidobacteria bacterium	Bacteria
B1145_uncultured bacterium	B1145_uncultured bacterium	Bacteria
B115_f_Micrococcaceae	B115_f_Micrococcaceae	Bacteria
B1153_Novosphingobium	B1153_Novosphingobium	Bacteria
B116_Reyranella	B116_Reyranella	Bacteria
B1169_o_NA	B1169_o_NA	Bacteria
B117_uncultured Ferrimicrobium sp.	B117_uncultured Ferrimicrobium sp.	Bacteria
B1172_metagenome	B1172_metagenome	Bacteria
B1173_uncultured bacterium	B1173_uncultured bacterium	Bacteria
B1176_Candidatus Koribacter	B1176_Candidatus Koribacter	Bacteria
B1177_f_Desulfobulbaceae	B1177_f_Desulfobulbaceae	Bacteria
B1179_Desulfobacca	B1179_Desulfobacca	Bacteria
B1183_Actinoplanes	B1183_Actinoplanes	Bacteria
B1186_uncultured bacterium	B1186_uncultured bacterium	Bacteria
B1188_uncultured bacterium	B1188_uncultured bacterium	Bacteria
B1191_Terrimonas	B1191_Terrimonas	Bacteria
B1192_Polycyclovorans	B1192_Polycyclovorans	Bacteria
B1193_metagenome	B1193_metagenome	Bacteria
B1195_f_Archangiaceae	B1195_f_Archangiaceae	Bacteria
B11977_uncultured bacterium	B11977_uncultured bacterium	Bacteria
B12_GOUTA6	B12_GOUTA6	Bacteria
B120_uncultured Burkholderiaceae bacterium	B120_uncultured Burkholderiaceae bacterium	Bacteria
B1200_Hyphomicrobium	B1200_Hyphomicrobium	Bacteria
B1208_o_OPB41	B1208_o_OPB41	Bacteria
B121_f_SC-I-84	B121_f_SC-I-84	Bacteria
B1210_f_SC-I-84	B1210_f_SC-I-84	Bacteria
B1212_uncultured bacterium	B1212_uncultured bacterium	Bacteria
B1213_uncultured prokaryote	B1213_uncultured prokaryote	Bacteria
B1214_Candidatus Solibacter	B1214_Candidatus Solibacter	Bacteria
B1215_uncultured	B1215_uncultured	Bacteria
B1219_uncultured bacterium	B1219_uncultured bacterium	Bacteria
B1220_o_Subgroup 7	B1220_o_Subgroup 7	Bacteria
B1221_wastewater metagenome	B1221_wastewater metagenome	Bacteria
B1224_Nitrospira	B1224_Nitrospira	Bacteria
B1226_Terrimonas	B1226_Terrimonas	Bacteria
B123_Ellin6067	B123_Ellin6067	Bacteria
B1230_Phenylobacterium	B1230_Phenylobacterium	Bacteria
B1237_uncultured	B1237_uncultured	Bacteria
B1238_o_NA	B1238_o_NA	Bacteria
B1239_Syntrophus	B1239_Syntrophus	Bacteria
B124_Massilia	B124_Massilia	Bacteria
B1240_f_uncultured	B1240_f_uncultured	Bacteria
B1243_Subgroup 10	B1243_Subgroup 10	Bacteria
B1244_uncultured proteobacterium	B1244_uncultured proteobacterium	Bacteria
B125_uncultured	B125_uncultured	Bacteria
B1255_uncultured	B1255_uncultured	Bacteria
B126_Blastococcus	B126_Blastococcus	Bacteria
B12616_Inquilinus	B12616_Inquilinus	Bacteria
B1268_uncultured Desulfuromonadales bacterium	B1268_uncultured Desulfuromonadales bacterium	Bacteria
B127_Gemmatimonas	B127_Gemmatimonas	Bacteria
B1274_Roseomonas	B1274_Roseomonas	Bacteria
B1277_Anaerolinea	B1277_Anaerolinea	Bacteria
B128_Syntrophorhabdus	B128_Syntrophorhabdus	Bacteria
B1283_unidentified	B1283_unidentified	Bacteria
B1286_Dokdonella	B1286_Dokdonella	Bacteria
B1289_Spirochaeta 2	B1289_Spirochaeta 2	Bacteria
B1294_uncultured bacterium	B1294_uncultured bacterium	Bacteria
B1296_uncultured Syntrophobacteraceae bacterium	B1296_uncultured Syntrophobacteraceae bacterium	Bacteria
B1299_uncultured soil bacterium	B1299_uncultured soil bacterium	Bacteria
B13_Methylocystis	B13_Methylocystis	Bacteria
B130_uncultured	B130_uncultured	Bacteria
B1300_uncultured archaeon	B1300_uncultured archaeon	Bacteria
B1309_o_NA	B1309_o_NA	Bacteria
B1315_uncultured	B1315_uncultured	Bacteria
B1318_metagenome	B1318_metagenome	Bacteria
B132_uncultured bacterium	B132_uncultured bacterium	Bacteria
B1322_uncultured	B1322_uncultured	Bacteria
B1323_f_SC-I-84	B1323_f_SC-I-84	Bacteria
B1325_f_Hydrogenedensaceae	B1325_f_Hydrogenedensaceae	Bacteria
B1327_uncultured bacterium	B1327_uncultured bacterium	Bacteria
B1328_uncultured	B1328_uncultured	Bacteria
B1329_o_mle1-8	B1329_o_mle1-8	Bacteria
B133_uncultured Chloroflexi bacterium	B133_uncultured Chloroflexi bacterium	Bacteria
B1331_o_NA	B1331_o_NA	Bacteria
B1333_bacterium Ellin516	B1333_bacterium Ellin516	Bacteria
B1337_f_SC-I-84	B1337_f_SC-I-84	Bacteria
B134_Pseudolabrys	B134_Pseudolabrys	Bacteria
B1340_uncultured bacterium	B1340_uncultured bacterium	Bacteria
B1341_uncultured	B1341_uncultured	Bacteria
B135_Nakamurella	B135_Nakamurella	Bacteria
B1350_Anaerolinea	B1350_Anaerolinea	Bacteria
B1355_f_Ruminococcaceae	B1355_f_Ruminococcaceae	Bacteria
B1359_uncultured	B1359_uncultured	Bacteria
B136_f_SC-I-84	B136_f_SC-I-84	Bacteria
B1367_uncultured Chlorobi bacterium	B1367_uncultured Chlorobi bacterium	Bacteria
B1368_Sh765B-TzT-35	B1368_Sh765B-TzT-35	Bacteria
B1379_f_TRA3-20	B1379_f_TRA3-20	Bacteria
B1388_Methylomonas	B1388_Methylomonas	Bacteria
B139_uncultured Iamiaceae bacterium	B139_uncultured Iamiaceae bacterium	Bacteria
B1390_o_NA	B1390_o_NA	Bacteria
B1397_o_NA	B1397_o_NA	Bacteria
B14_uncultured Nitrospirae bacterium	B14_uncultured Nitrospirae bacterium	Bacteria
B140_Pseudolabrys	B140_Pseudolabrys	Bacteria
B1400_o_Aminicenantales	B1400_o_Aminicenantales	Bacteria
B1409_uncultured Dehalogenimonas sp.	B1409_uncultured Dehalogenimonas sp.	Bacteria
B141_f_uncultured	B141_f_uncultured	Bacteria
B1411_uncultured delta proteobacterium	B1411_uncultured delta proteobacterium	Bacteria
B1413_Subgroup 10	B1413_Subgroup 10	Bacteria
B1414_Phaselicystis	B1414_Phaselicystis	Bacteria
B142_uncultured Thermoflavimicrobium sp.	B142_uncultured Thermoflavimicrobium sp.	Bacteria
B143_Rhodanobacter	B143_Rhodanobacter	Bacteria
B1431_uncultured Planctomyces sp.	B1431_uncultured Planctomyces sp.	Bacteria
B1439_uncultured	B1439_uncultured	Bacteria
B144_f_Xanthobacteraceae	B144_f_Xanthobacteraceae	Bacteria
B1443_uncultured Caldilineaceae bacterium	B1443_uncultured Caldilineaceae bacterium	Bacteria
B1445_uncultured Chlorobi bacterium	B1445_uncultured Chlorobi bacterium	Bacteria
B1446_o_NA	B1446_o_NA	Bacteria
B145_uncultured bacterium DA038	B145_uncultured bacterium DA038	Bacteria
B1450_Ferruginibacter	B1450_Ferruginibacter	Bacteria
B1451_Paludibaculum	B1451_Paludibaculum	Bacteria
B1456_Gaiella	B1456_Gaiella	Bacteria
B1465_uncultured bacterium	B1465_uncultured bacterium	Bacteria
B1469_Methylomonas	B1469_Methylomonas	Bacteria
B148_uncultured bacterium SHD-71	B148_uncultured bacterium SHD-71	Bacteria
B1481_Pedosphaera	B1481_Pedosphaera	Bacteria
B1483_MND1	B1483_MND1	Bacteria
B149_uncultured Ferrimicrobium sp.	B149_uncultured Ferrimicrobium sp.	Bacteria
B15_Thiobacillus	B15_Thiobacillus	Bacteria
B1507_uncultured	B1507_uncultured	Bacteria
B151_uncultured Desulfovirga sp.	B151_uncultured Desulfovirga sp.	Bacteria
B1513_uncultured bacterium	B1513_uncultured bacterium	Bacteria
B1514_f_Pedosphaeraceae	B1514_f_Pedosphaeraceae	Bacteria
B152_uncultured prokaryote	B152_uncultured prokaryote	Bacteria
B1521_o_NA	B1521_o_NA	Bacteria
B1523_o_NA	B1523_o_NA	Bacteria
B1531_Gaiella sp. EBR4-RS1	B1531_Gaiella sp. EBR4-RS1	Bacteria
B154_uncultured	B154_uncultured	Bacteria
B1547_Flavobacterium	B1547_Flavobacterium	Bacteria
B155_Mycobacterium	B155_Mycobacterium	Bacteria
B1553_Aquicella	B1553_Aquicella	Bacteria
B1554_o_MBNT15	B1554_o_MBNT15	Bacteria
B1555_Mucilaginibacter	B1555_Mucilaginibacter	Bacteria
B1558_alpha proteobacterium LWH5	B1558_alpha proteobacterium LWH5	Bacteria
B156_Candidatus Solibacter	B156_Candidatus Solibacter	Bacteria
B1566_o_NA	B1566_o_NA	Bacteria
B1569_uncultured bacterium	B1569_uncultured bacterium	Bacteria
B157_o_RBG-13-54-9	B157_o_RBG-13-54-9	Bacteria
B158_f_uncultured	B158_f_uncultured	Bacteria
B1583_Anaerolinea	B1583_Anaerolinea	Bacteria
B1588_uncultured Rubrobacteraceae bacterium	B1588_uncultured Rubrobacteraceae bacterium	Bacteria
B1594_uncultured Desulfovibrio sp.	B1594_uncultured Desulfovibrio sp.	Bacteria
B1595_o_Betaproteobacteriales	B1595_o_Betaproteobacteriales	Bacteria
B160_uncultured	B160_uncultured	Bacteria
B1600_o_Myxococcales	B1600_o_Myxococcales	Bacteria
B1606_Methylomonas	B1606_Methylomonas	Bacteria
B161_o_NA	B161_o_NA	Bacteria
B1610_Spirochaeta 2	B1610_Spirochaeta 2	Bacteria
B1617_bacterium Ellin6543	B1617_bacterium Ellin6543	Bacteria
B162_Anaeromyxobacter	B162_Anaeromyxobacter	Bacteria
B1627_uncultured bacterium	B1627_uncultured bacterium	Bacteria
B163_uncultured Bellilinea sp.	B163_uncultured Bellilinea sp.	Bacteria
B1635_uncultured bacterium	B1635_uncultured bacterium	Bacteria
B1637_Ignavibacteria bacterium RIFCSPLOWO2_12_FULL_56_21	B1637_Ignavibacteria bacterium RIFCSPLOWO2_12_FULL_56_21	Bacteria
B164_GOUTB8	B164_GOUTB8	Bacteria
B1648_o_Aminicenantales	B1648_o_Aminicenantales	Bacteria
B1652_uncultured bacterium	B1652_uncultured bacterium	Bacteria
B1653_f_SC-I-84	B1653_f_SC-I-84	Bacteria
B166_uncultured bacterium	B166_uncultured bacterium	Bacteria
B1664_Candidatus Nitrotoga	B1664_Candidatus Nitrotoga	Bacteria
B167_o_NA	B167_o_NA	Bacteria
B1670_uncultured bacterium	B1670_uncultured bacterium	Bacteria
B1673_uncultured	B1673_uncultured	Bacteria
B168_Sphingomonas	B168_Sphingomonas	Bacteria
B1681_metagenome	B1681_metagenome	Bacteria
B1683_uncultured	B1683_uncultured	Bacteria
B1686_uncultured	B1686_uncultured	Bacteria
B1689_Haliangium	B1689_Haliangium	Bacteria
B169_Cryobacterium	B169_Cryobacterium	Bacteria
B1697_Sideroxydans	B1697_Sideroxydans	Bacteria
B1701_Rhodanobacter	B1701_Rhodanobacter	Bacteria
B1706_uncultured	B1706_uncultured	Bacteria
B171_Candidatus Koribacter	B171_Candidatus Koribacter	Bacteria
B1712_uncultured Acidobacteria bacterium	B1712_uncultured Acidobacteria bacterium	Bacteria
B1717_o_NA	B1717_o_NA	Bacteria
B1718_uncultured	B1718_uncultured	Bacteria
B172_Syntrophobacter	B172_Syntrophobacter	Bacteria
B1723_o_NA	B1723_o_NA	Bacteria
B1730_uncultured	B1730_uncultured	Bacteria
B174_f_uncultured	B174_f_uncultured	Bacteria
B1744_uncultured Firmicutes bacterium	B1744_uncultured Firmicutes bacterium	Bacteria
B1746_Haliangium	B1746_Haliangium	Bacteria
B1750_uncultured	B1750_uncultured	Bacteria
B1758_f_Archangiaceae	B1758_f_Archangiaceae	Bacteria
B1766_f_Burkholderiaceae	B1766_f_Burkholderiaceae	Bacteria
B177_Desulfobacca	B177_Desulfobacca	Bacteria
B1775_Acidobacteria bacterium WX27	B1775_Acidobacteria bacterium WX27	Bacteria
B1779_Bdellovibrio	B1779_Bdellovibrio	Bacteria
B178_Geobacter	B178_Geobacter	Bacteria
B1782_f_SG8-4	B1782_f_SG8-4	Bacteria
B1787_Pedobacter	B1787_Pedobacter	Bacteria
B1788_Candidatus Nitrotoga	B1788_Candidatus Nitrotoga	Bacteria
B179_Haliangium	B179_Haliangium	Bacteria
B1790_uncultured bacterium	B1790_uncultured bacterium	Bacteria
B1795_o_uncultured	B1795_o_uncultured	Bacteria
B18_f_Intrasporangiaceae	B18_f_Intrasporangiaceae	Bacteria
B180_Actinobacteria bacterium RBG_19FT_COMBO_70_19	B180_Actinobacteria bacterium RBG_19FT_COMBO_70_19	Bacteria
B1812_uncultured soil bacterium	B1812_uncultured soil bacterium	Bacteria
B1814_Acidothermus	B1814_Acidothermus	Bacteria
B182_f_uncultured	B182_f_uncultured	Bacteria
B183_f_uncultured	B183_f_uncultured	Bacteria
B1847_uncultured bacterium	B1847_uncultured bacterium	Bacteria
B1854_uncultured Chlorobi bacterium	B1854_uncultured Chlorobi bacterium	Bacteria
B186_Cryobacterium	B186_Cryobacterium	Bacteria
B187_Terrabacter	B187_Terrabacter	Bacteria
B1873_o_NA	B1873_o_NA	Bacteria
B188_Syntrophus	B188_Syntrophus	Bacteria
B1884_uncultured soil bacterium	B1884_uncultured soil bacterium	Bacteria
B1899_uncultured	B1899_uncultured	Bacteria
B19_uncultured soil bacterium	B19_uncultured soil bacterium	Bacteria
B191_MND1	B191_MND1	Bacteria
B1917_Desulfovirga	B1917_Desulfovirga	Bacteria
B192_f_Methylomonaceae	B192_f_Methylomonaceae	Bacteria
B1927_f_KD3-93	B1927_f_KD3-93	Bacteria
B1928_Haliangium	B1928_Haliangium	Bacteria
B193_Sideroxydans	B193_Sideroxydans	Bacteria
B1934_Bauldia	B1934_Bauldia	Bacteria
B1947_o_Betaproteobacteriales	B1947_o_Betaproteobacteriales	Bacteria
B195_Ellin6067	B195_Ellin6067	Bacteria
B1951_Pseudobacteroides	B1951_Pseudobacteroides	Bacteria
B1953_o_RBG-13-54-9	B1953_o_RBG-13-54-9	Bacteria
B1956_Candidatus Solibacter	B1956_Candidatus Solibacter	Bacteria
B196_uncultured	B196_uncultured	Bacteria
B197_uncultured proteobacterium	B197_uncultured proteobacterium	Bacteria
B1979_Acidibacter	B1979_Acidibacter	Bacteria
B198_o_NA	B198_o_NA	Bacteria
B1982_uncultured Banisveld landfill bacterium BVC56	B1982_uncultured Banisveld landfill bacterium BVC56	Bacteria
B1984_AKIW659	B1984_AKIW659	Bacteria
B1996_f_Burkholderiaceae	B1996_f_Burkholderiaceae	Bacteria
B1997_metagenome	B1997_metagenome	Bacteria
B1998_uncultured Bacteroidetes bacterium	B1998_uncultured Bacteroidetes bacterium	Bacteria
B2_uncultured prokaryote	B2_uncultured prokaryote	Bacteria
B200_o_Sva0485	B200_o_Sva0485	Bacteria
B2005_uncultured bacterium 5G4	B2005_uncultured bacterium 5G4	Bacteria
B2006_f_Burkholderiaceae	B2006_f_Burkholderiaceae	Bacteria
B2014_uncultured Acidimicrobidae bacterium	B2014_uncultured Acidimicrobidae bacterium	Bacteria
B2016_Kitasatospora	B2016_Kitasatospora	Bacteria
B202_Ignavibacterium	B202_Ignavibacterium	Bacteria
B203_uncultured Sorangiineae bacterium	B203_uncultured Sorangiineae bacterium	Bacteria
B2039_uncultured planctomycete	B2039_uncultured planctomycete	Bacteria
B205_uncultured	B205_uncultured	Bacteria
B2057_Candidatus Solibacter	B2057_Candidatus Solibacter	Bacteria
B2060_o_NA	B2060_o_NA	Bacteria
B2061_uncultured bacterium	B2061_uncultured bacterium	Bacteria
B2072_uncultured organism	B2072_uncultured organism	Bacteria
B2083_uncultured bacterium	B2083_uncultured bacterium	Bacteria
B2084_uncultured Verrucomicrobia bacterium	B2084_uncultured Verrucomicrobia bacterium	Bacteria
B2088_Bryobacter	B2088_Bryobacter	Bacteria
B2094_o_NA	B2094_o_NA	Bacteria
B2096_uncultured Banisveld landfill bacterium BVC56	B2096_uncultured Banisveld landfill bacterium BVC56	Bacteria
B21_f_Xanthobacteraceae	B21_f_Xanthobacteraceae	Bacteria
B210_Candidatus Solibacter	B210_Candidatus Solibacter	Bacteria
B211_f_SC-I-84	B211_f_SC-I-84	Bacteria
B212_f_SC-I-84	B212_f_SC-I-84	Bacteria
B213_f_SC-I-84	B213_f_SC-I-84	Bacteria
B2134_anaerobic bacterium MO-CFX2	B2134_anaerobic bacterium MO-CFX2	Bacteria
B2135_Clostridium sensu stricto 12	B2135_Clostridium sensu stricto 12	Bacteria
B2138_o_NA	B2138_o_NA	Bacteria
B214_Sulfurifustis	B214_Sulfurifustis	Bacteria
B215_o_NA	B215_o_NA	Bacteria
B2158_uncultured bacterium	B2158_uncultured bacterium	Bacteria
B216_uncultured	B216_uncultured	Bacteria
B2161_uncultured bacterium DA023	B2161_uncultured bacterium DA023	Bacteria
B2162_Gemmata	B2162_Gemmata	Bacteria
B2163_uncultured bacterium	B2163_uncultured bacterium	Bacteria
B2164_AKIW659	B2164_AKIW659	Bacteria
B2166_bacterium WX65	B2166_bacterium WX65	Bacteria
B2167_CL500-29 marine group	B2167_CL500-29 marine group	Bacteria
B217_uncultured	B217_uncultured	Bacteria
B218_uncultured Burkholderiaceae bacterium	B218_uncultured Burkholderiaceae bacterium	Bacteria
B2181_Ellin6067	B2181_Ellin6067	Bacteria
B2189_uncultured eubacterium WCHB1-50	B2189_uncultured eubacterium WCHB1-50	Bacteria
B219_uncultured Desulfuromonadales bacterium	B219_uncultured Desulfuromonadales bacterium	Bacteria
B2195_uncultured bacterium	B2195_uncultured bacterium	Bacteria
B2197_o_Frankiales	B2197_o_Frankiales	Bacteria
B22_uncultured bacterium	B22_uncultured bacterium	Bacteria
B220_Flavisolibacter	B220_Flavisolibacter	Bacteria
B2202_uncultured	B2202_uncultured	Bacteria
B221_Nocardioides	B221_Nocardioides	Bacteria
B2216_f_WD2101 soil group	B2216_f_WD2101 soil group	Bacteria
B2217_metagenome	B2217_metagenome	Bacteria
B222_o_NA	B222_o_NA	Bacteria
B224_uncultured prokaryote	B224_uncultured prokaryote	Bacteria
B2242_Acidibacter	B2242_Acidibacter	Bacteria
B225_uncultured soil bacterium	B225_uncultured soil bacterium	Bacteria
B2256_Nitrospira	B2256_Nitrospira	Bacteria
B227_Pajaroellobacter	B227_Pajaroellobacter	Bacteria
B2278_Methylobacter	B2278_Methylobacter	Bacteria
B2283_o_IMCC26256	B2283_o_IMCC26256	Bacteria
B23_uncultured	B23_uncultured	Bacteria
B230_uncultured bacterium mle1-16	B230_uncultured bacterium mle1-16	Bacteria
B231_Haliangium	B231_Haliangium	Bacteria
B2310_metagenome	B2310_metagenome	Bacteria
B2311_Nitrospira	B2311_Nitrospira	Bacteria
B2315_uncultured verrucomicrobium DEV064	B2315_uncultured verrucomicrobium DEV064	Bacteria
B232_o_NA	B232_o_NA	Bacteria
B2323_uncultured bacterium	B2323_uncultured bacterium	Bacteria
B2324_o_Acidobacteriales	B2324_o_Acidobacteriales	Bacteria
B2325_o_NA	B2325_o_NA	Bacteria
B233_Geobacter	B233_Geobacter	Bacteria
B2333_o_NA	B2333_o_NA	Bacteria
B2335_o_Subgroup 7	B2335_o_Subgroup 7	Bacteria
B2337_uncultured	B2337_uncultured	Bacteria
B234_Syntrophorhabdus	B234_Syntrophorhabdus	Bacteria
B235_Rhodanobacter	B235_Rhodanobacter	Bacteria
B2355_uncultured bacterium 259	B2355_uncultured bacterium 259	Bacteria
B2357_Massilia	B2357_Massilia	Bacteria
B236_o_RBG-13-54-9	B236_o_RBG-13-54-9	Bacteria
B237_Candidatus Udaeobacter	B237_Candidatus Udaeobacter	Bacteria
B2375_uncultured Acidobacteriales bacterium	B2375_uncultured Acidobacteriales bacterium	Bacteria
B2376_uncultured soil bacterium	B2376_uncultured soil bacterium	Bacteria
B2377_Desulfobacca	B2377_Desulfobacca	Bacteria
B238_f_uncultured	B238_f_uncultured	Bacteria
B2386_uncultured proteobacterium	B2386_uncultured proteobacterium	Bacteria
B2395_uncultured soil bacterium	B2395_uncultured soil bacterium	Bacteria
B240_uncultured Chloroflexi bacterium	B240_uncultured Chloroflexi bacterium	Bacteria
B241_Ferruginibacter	B241_Ferruginibacter	Bacteria
B2411_uncultured Armatimonadetes bacterium	B2411_uncultured Armatimonadetes bacterium	Bacteria
B2416_uncultured bacterium mle1-16	B2416_uncultured bacterium mle1-16	Bacteria
B242_Nakamurella	B242_Nakamurella	Bacteria
B243_Terrimonas	B243_Terrimonas	Bacteria
B244_o_NA	B244_o_NA	Bacteria
B2440_o_Bacillales	B2440_o_Bacillales	Bacteria
B2444_uncultured	B2444_uncultured	Bacteria
B2448_Desulfobulbus	B2448_Desulfobulbus	Bacteria
B246_uncultured Rhodocyclaceae bacterium	B246_uncultured Rhodocyclaceae bacterium	Bacteria
B2460_Candidatus Berkiella	B2460_Candidatus Berkiella	Bacteria
B2466_uncultured prokaryote	B2466_uncultured prokaryote	Bacteria
B2470_Dactylosporangium	B2470_Dactylosporangium	Bacteria
B248_Candidatus Udaeobacter	B248_Candidatus Udaeobacter	Bacteria
B2486_Fonticella	B2486_Fonticella	Bacteria
B2498_Sorangium	B2498_Sorangium	Bacteria
B25_f_SC-I-84	B25_f_SC-I-84	Bacteria
B2503_f_Ruminococcaceae	B2503_f_Ruminococcaceae	Bacteria
B2506_uncultured sludge bacterium A31	B2506_uncultured sludge bacterium A31	Bacteria
B251_Gemmatimonas	B251_Gemmatimonas	Bacteria
B2514_Thermoanaerobaculum	B2514_Thermoanaerobaculum	Bacteria
B252_Candidatus Solibacter	B252_Candidatus Solibacter	Bacteria
B2525_uncultured bacterium	B2525_uncultured bacterium	Bacteria
B2527_uncultured bacterium	B2527_uncultured bacterium	Bacteria
B253_Anaeromyxobacter	B253_Anaeromyxobacter	Bacteria
B254_Sh765B-TzT-35	B254_Sh765B-TzT-35	Bacteria
B2546_Desulfosporosinus	B2546_Desulfosporosinus	Bacteria
B255_uncultured	B255_uncultured	Bacteria
B2556_Lacunisphaera	B2556_Lacunisphaera	Bacteria
B2558_uncultured	B2558_uncultured	Bacteria
B256_Mesorhizobium	B256_Mesorhizobium	Bacteria
B2573_mle1-7	B2573_mle1-7	Bacteria
B2574_o_SBR1031	B2574_o_SBR1031	Bacteria
B2588_f_uncultured	B2588_f_uncultured	Bacteria
B2595_SWB02	B2595_SWB02	Bacteria
B2596_o_Sva0485	B2596_o_Sva0485	Bacteria
B2604_Candidatus Nostocoida	B2604_Candidatus Nostocoida	Bacteria
B2608_o_Bacillales	B2608_o_Bacillales	Bacteria
B262_Pseudomonas	B262_Pseudomonas	Bacteria
B263_uncultured	B263_uncultured	Bacteria
B264_Thiobacillus	B264_Thiobacillus	Bacteria
B265_uncultured eubacterium WCHB1-50	B265_uncultured eubacterium WCHB1-50	Bacteria
B2652_uncultured prokaryote	B2652_uncultured prokaryote	Bacteria
B2655_Tumebacillus	B2655_Tumebacillus	Bacteria
B2660_Pajaroellobacter	B2660_Pajaroellobacter	Bacteria
B267_uncultured Prosthecobacter sp.	B267_uncultured Prosthecobacter sp.	Bacteria
B268_Sideroxydans	B268_Sideroxydans	Bacteria
B2683_o_OPB56	B2683_o_OPB56	Bacteria
B2688_Bauldia	B2688_Bauldia	Bacteria
B269_Anaerolinea	B269_Anaerolinea	Bacteria
B2692_Gaiella	B2692_Gaiella	Bacteria
B2693_uncultured	B2693_uncultured	Bacteria
B2697_uncultured bacterium	B2697_uncultured bacterium	Bacteria
B27_Sideroxydans	B27_Sideroxydans	Bacteria
B2703_Syntrophobacter	B2703_Syntrophobacter	Bacteria
B2709_o_NA	B2709_o_NA	Bacteria
B271_Anaerolinea	B271_Anaerolinea	Bacteria
B272_uncultured Chlorobi bacterium	B272_uncultured Chlorobi bacterium	Bacteria
B2727_uncultured bacterium	B2727_uncultured bacterium	Bacteria
B273_uncultured bacterium	B273_uncultured bacterium	Bacteria
B2735_uncultured bacterium	B2735_uncultured bacterium	Bacteria
B2738_Clostridium sensu stricto 6	B2738_Clostridium sensu stricto 6	Bacteria
B2744_uncultured Nitrospiraceae bacterium	B2744_uncultured Nitrospiraceae bacterium	Bacteria
B2747_Cyanothece PCC-8801	B2747_Cyanothece PCC-8801	Bacteria
B276_Candidatus Koribacter	B276_Candidatus Koribacter	Bacteria
B277_Desulfatiglans	B277_Desulfatiglans	Bacteria
B2777_uncultured	B2777_uncultured	Bacteria
B278_f_Burkholderiaceae	B278_f_Burkholderiaceae	Bacteria
B279_f_Burkholderiaceae	B279_f_Burkholderiaceae	Bacteria
B2795_o_SBR1031	B2795_o_SBR1031	Bacteria
B28_Desulfobacca	B28_Desulfobacca	Bacteria
B280_Hyphomicrobium	B280_Hyphomicrobium	Bacteria
B2802_uncultured	B2802_uncultured	Bacteria
B281_uncultured Gemmatimonadetes bacterium	B281_uncultured Gemmatimonadetes bacterium	Bacteria
B282_uncultured	B282_uncultured	Bacteria
B2830_uncultured bacterium	B2830_uncultured bacterium	Bacteria
B2831_o_NA	B2831_o_NA	Bacteria
B284_uncultured prokaryote	B284_uncultured prokaryote	Bacteria
B2842_Haliangium	B2842_Haliangium	Bacteria
B2845_uncultured bacterium	B2845_uncultured bacterium	Bacteria
B285_f_Burkholderiaceae	B285_f_Burkholderiaceae	Bacteria
B286_uncultured	B286_uncultured	Bacteria
B287_uncultured planctomycete	B287_uncultured planctomycete	Bacteria
B2871_o_Microtrichales	B2871_o_Microtrichales	Bacteria
B2883_f_Bacteroidetes BD2-2	B2883_f_Bacteroidetes BD2-2	Bacteria
B2885_metagenome	B2885_metagenome	Bacteria
B289_uncultured bacterium	B289_uncultured bacterium	Bacteria
B2894_uncultured bacterium	B2894_uncultured bacterium	Bacteria
B29_Defluviicoccus	B29_Defluviicoccus	Bacteria
B290_f_SC-I-84	B290_f_SC-I-84	Bacteria
B2904_uncultured soil bacterium	B2904_uncultured soil bacterium	Bacteria
B291_uncultured	B291_uncultured	Bacteria
B2916_uncultured bacterium	B2916_uncultured bacterium	Bacteria
B292_f_BSV26	B292_f_BSV26	Bacteria
B2923_uncultured Sphingobacteriia bacterium	B2923_uncultured Sphingobacteriia bacterium	Bacteria
B293_o_NA	B293_o_NA	Bacteria
B2932_o_uncultured	B2932_o_uncultured	Bacteria
B294_uncultured	B294_uncultured	Bacteria
B295_uncultured prokaryote	B295_uncultured prokaryote	Bacteria
B2957_Ferruginibacter	B2957_Ferruginibacter	Bacteria
B296_IS-44	B296_IS-44	Bacteria
B2961_metagenome	B2961_metagenome	Bacteria
B2964_uncultured	B2964_uncultured	Bacteria
B297_o_NA	B297_o_NA	Bacteria
B2980_uncultured	B2980_uncultured	Bacteria
B2990_Anaeromyxobacter	B2990_Anaeromyxobacter	Bacteria
B3_uncultured prokaryote	B3_uncultured prokaryote	Bacteria
B30_Sphingomonas	B30_Sphingomonas	Bacteria
B300_mle1-7	B300_mle1-7	Bacteria
B3002_Z114MB74	B3002_Z114MB74	Bacteria
B301_uncultured candidate division SPAM bacterium	B301_uncultured candidate division SPAM bacterium	Bacteria
B3013_Anaerolinea	B3013_Anaerolinea	Bacteria
B302_Phycicoccus	B302_Phycicoccus	Bacteria
B3028_uncultured bacterium	B3028_uncultured bacterium	Bacteria
B303_Mycobacterium	B303_Mycobacterium	Bacteria
B3036_f_uncultured	B3036_f_uncultured	Bacteria
B304_f_UASB-TL25	B304_f_UASB-TL25	Bacteria
B3040_uncultured soil bacterium	B3040_uncultured soil bacterium	Bacteria
B3041_f_Acidobacteriaceae (Subgroup 1)	B3041_f_Acidobacteriaceae (Subgroup 1)	Bacteria
B3043_Dongia	B3043_Dongia	Bacteria
B3044_uncultured Desulfovibrio sp.	B3044_uncultured Desulfovibrio sp.	Bacteria
B3059_uncultured bacterium	B3059_uncultured bacterium	Bacteria
B306_uncultured	B306_uncultured	Bacteria
B3060_o_NA	B3060_o_NA	Bacteria
B3064_Subgroup 10	B3064_Subgroup 10	Bacteria
B307_Geobacter	B307_Geobacter	Bacteria
B3089_o_NA	B3089_o_NA	Bacteria
B3095_uncultured	B3095_uncultured	Bacteria
B3096_o_NA	B3096_o_NA	Bacteria
B3098_Omnitrophica WOR_2 bacterium RIFCSPLOWO2_12_FULL_51_24	B3098_Omnitrophica WOR_2 bacterium RIFCSPLOWO2_12_FULL_51_24	Bacteria
B31_metagenome	B31_metagenome	Bacteria
B3105_uncultured bacterium	B3105_uncultured bacterium	Bacteria
B311_f_SC-I-84	B311_f_SC-I-84	Bacteria
B312_Candidatus Udaeobacter	B312_Candidatus Udaeobacter	Bacteria
B3125_Bacteriovorax	B3125_Bacteriovorax	Bacteria
B313_uncultured bacterium	B313_uncultured bacterium	Bacteria
B3130_Anaerolinea	B3130_Anaerolinea	Bacteria
B314_uncultured bacterium 126	B314_uncultured bacterium 126	Bacteria
B3141_uncultured delta proteobacterium	B3141_uncultured delta proteobacterium	Bacteria
B3142_uncultured	B3142_uncultured	Bacteria
B3153_uncultured Desulfuromonadales bacterium	B3153_uncultured Desulfuromonadales bacterium	Bacteria
B3154_uncultured	B3154_uncultured	Bacteria
B316_uncultured soil bacterium	B316_uncultured soil bacterium	Bacteria
B3160_CL500-29 marine group	B3160_CL500-29 marine group	Bacteria
B3163_o_MBNT15	B3163_o_MBNT15	Bacteria
B317_uncultured bacterium	B317_uncultured bacterium	Bacteria
B318_uncultured bacterium SJA-22	B318_uncultured bacterium SJA-22	Bacteria
B319_Pseudomonas	B319_Pseudomonas	Bacteria
B3190_Paenibacillus	B3190_Paenibacillus	Bacteria
B32_o_OPB41	B32_o_OPB41	Bacteria
B3202_metagenome	B3202_metagenome	Bacteria
B3206_uncultured	B3206_uncultured	Bacteria
B321_o_NA	B321_o_NA	Bacteria
B322_o_SJA-15	B322_o_SJA-15	Bacteria
B3224_uncultured eubacterium WCHB1-50	B3224_uncultured eubacterium WCHB1-50	Bacteria
B3232_metagenome	B3232_metagenome	Bacteria
B3242_uncultured bacterium	B3242_uncultured bacterium	Bacteria
B325_Phenylobacterium	B325_Phenylobacterium	Bacteria
B3256_Sphingomonas	B3256_Sphingomonas	Bacteria
B3269_uncultured Caldilineaceae bacterium	B3269_uncultured Caldilineaceae bacterium	Bacteria
B329_Luteimonas	B329_Luteimonas	Bacteria
B3293_f_67-14	B3293_f_67-14	Bacteria
B3297_uncultured Prosthecobacter sp.	B3297_uncultured Prosthecobacter sp.	Bacteria
B33_uncultured	B33_uncultured	Bacteria
B330_uncultured Gemmatimonadetes bacterium	B330_uncultured Gemmatimonadetes bacterium	Bacteria
B331_f_uncultured	B331_f_uncultured	Bacteria
B332_uncultured bacterium	B332_uncultured bacterium	Bacteria
B335_uncultured soil bacterium	B335_uncultured soil bacterium	Bacteria
B337_Bryobacter	B337_Bryobacter	Bacteria
B3376_uncultured bacterium	B3376_uncultured bacterium	Bacteria
B3383_f_Ruminococcaceae	B3383_f_Ruminococcaceae	Bacteria
B339_o_RBG-13-54-9	B339_o_RBG-13-54-9	Bacteria
B3395_uncultured Acidobacterium sp.	B3395_uncultured Acidobacterium sp.	Bacteria
B34_f_Xanthobacteraceae	B34_f_Xanthobacteraceae	Bacteria
B340_o_Microtrichales	B340_o_Microtrichales	Bacteria
B3402_Mucilaginibacter	B3402_Mucilaginibacter	Bacteria
B341_Gaiella	B341_Gaiella	Bacteria
B3410_f_Nitrosomonadaceae	B3410_f_Nitrosomonadaceae	Bacteria
B3414_f_Polyangiaceae	B3414_f_Polyangiaceae	Bacteria
B3417_Kouleothrix	B3417_Kouleothrix	Bacteria
B343_uncultured	B343_uncultured	Bacteria
B3432_uncultured	B3432_uncultured	Bacteria
B3439_uncultured	B3439_uncultured	Bacteria
B345_Haliangium	B345_Haliangium	Bacteria
B3458_Clostridium sensu stricto 1	B3458_Clostridium sensu stricto 1	Bacteria
B347_f_TRA3-20	B347_f_TRA3-20	Bacteria
B3479_Coriobacteriaceae bacterium EMTCatB1	B3479_Coriobacteriaceae bacterium EMTCatB1	Bacteria
B348_f_Burkholderiaceae	B348_f_Burkholderiaceae	Bacteria
B3494_uncultured Chloroflexi bacterium	B3494_uncultured Chloroflexi bacterium	Bacteria
B35_uncultured Anaerolineaceae bacterium	B35_uncultured Anaerolineaceae bacterium	Bacteria
B350_uncultured	B350_uncultured	Bacteria
B351_Flavisolibacter	B351_Flavisolibacter	Bacteria
B352_Massilia	B352_Massilia	Bacteria
B353_uncultured bacterium	B353_uncultured bacterium	Bacteria
B354_Desulfobacca	B354_Desulfobacca	Bacteria
B355_uncultured	B355_uncultured	Bacteria
B3559_uncultured bacterium SJA-121	B3559_uncultured bacterium SJA-121	Bacteria
B3561_Solirubrobacter	B3561_Solirubrobacter	Bacteria
B357_o_NA	B357_o_NA	Bacteria
B3576_Nostoc PCC-7107	B3576_Nostoc PCC-7107	Bacteria
B359_o_NA	B359_o_NA	Bacteria
B3594_uncultured bacterium	B3594_uncultured bacterium	Bacteria
B36_o_Sva0485	B36_o_Sva0485	Bacteria
B360_Phenylobacterium	B360_Phenylobacterium	Bacteria
B361_f_SC-I-84	B361_f_SC-I-84	Bacteria
B3611_o_NA	B3611_o_NA	Bacteria
B362_uncultured	B362_uncultured	Bacteria
B3624_Candidatus Methylospira	B3624_Candidatus Methylospira	Bacteria
B3629_uncultured bacterium SJA-176	B3629_uncultured bacterium SJA-176	Bacteria
B363_uncultured bacterium	B363_uncultured bacterium	Bacteria
B365_o_uncultured	B365_o_uncultured	Bacteria
B3657_f_Fimbriimonadaceae	B3657_f_Fimbriimonadaceae	Bacteria
B367_o_Betaproteobacteriales	B367_o_Betaproteobacteriales	Bacteria
B368_Alsobacter	B368_Alsobacter	Bacteria
B37_uncultured	B37_uncultured	Bacteria
B3706_Mycobacterium	B3706_Mycobacterium	Bacteria
B3709_uncultured Chlorobi bacterium	B3709_uncultured Chlorobi bacterium	Bacteria
B371_uncultured	B371_uncultured	Bacteria
B372_Clostridium sensu stricto 1	B372_Clostridium sensu stricto 1	Bacteria
B3724_Candidatus Omnitrophus	B3724_Candidatus Omnitrophus	Bacteria
B373_Arenimonas	B373_Arenimonas	Bacteria
B374_uncultured proteobacterium	B374_uncultured proteobacterium	Bacteria
B3742_Desulfosporosinus	B3742_Desulfosporosinus	Bacteria
B375_BSV13	B375_BSV13	Bacteria
B376_uncultured Dehalogenimonas sp.	B376_uncultured Dehalogenimonas sp.	Bacteria
B3766_o_NA	B3766_o_NA	Bacteria
B378_Massilia	B378_Massilia	Bacteria
B3783_uncultured Armatimonadetes bacterium	B3783_uncultured Armatimonadetes bacterium	Bacteria
B379_Devosia	B379_Devosia	Bacteria
B3797_o_NA	B3797_o_NA	Bacteria
B3798_Geobacter	B3798_Geobacter	Bacteria
B38_uncultured Sphingobacteriales bacterium	B38_uncultured Sphingobacteriales bacterium	Bacteria
B3801_uncultured Acidobacteria bacterium	B3801_uncultured Acidobacteria bacterium	Bacteria
B3819_Haliangium	B3819_Haliangium	Bacteria
B382_f_Pedosphaeraceae	B382_f_Pedosphaeraceae	Bacteria
B3821_uncultured bacterium	B3821_uncultured bacterium	Bacteria
B3828_f_0319-6G20	B3828_f_0319-6G20	Bacteria
B383_Massilia	B383_Massilia	Bacteria
B3833_uncultured bacterium	B3833_uncultured bacterium	Bacteria
B3837_f_BIrii41	B3837_f_BIrii41	Bacteria
B3838_uncultured	B3838_uncultured	Bacteria
B384_UTBCD1	B384_UTBCD1	Bacteria
B3844_SWB02	B3844_SWB02	Bacteria
B385_uncultured	B385_uncultured	Bacteria
B3854_uncultured prokaryote	B3854_uncultured prokaryote	Bacteria
B387_uncultured bacterium	B387_uncultured bacterium	Bacteria
B388_Anaeromyxobacter	B388_Anaeromyxobacter	Bacteria
B39_f_Burkholderiaceae	B39_f_Burkholderiaceae	Bacteria
B391_uncultured Sorangiineae bacterium	B391_uncultured Sorangiineae bacterium	Bacteria
B392_Spirochaeta 2	B392_Spirochaeta 2	Bacteria
B3928_uncultured Sphingobacteriales bacterium	B3928_uncultured Sphingobacteriales bacterium	Bacteria
B393_uncultured	B393_uncultured	Bacteria
B394_o_MBNT15	B394_o_MBNT15	Bacteria
B395_f_uncultured	B395_f_uncultured	Bacteria
B397_Reyranella	B397_Reyranella	Bacteria
B3988_uncultured bacterium mle1-16	B3988_uncultured bacterium mle1-16	Bacteria
B3990_uncultured	B3990_uncultured	Bacteria
B3991_o_NA	B3991_o_NA	Bacteria
B3997_uncultured Conexibacteraceae bacterium	B3997_uncultured Conexibacteraceae bacterium	Bacteria
B4_uncultured	B4_uncultured	Bacteria
B40_f_Nocardioidaceae	B40_f_Nocardioidaceae	Bacteria
B402_uncultured prokaryote	B402_uncultured prokaryote	Bacteria
B4023_Geobacter	B4023_Geobacter	Bacteria
B4030_uncultured prokaryote	B4030_uncultured prokaryote	Bacteria
B4033_uncultured	B4033_uncultured	Bacteria
B404_o_Subgroup 2	B404_o_Subgroup 2	Bacteria
B4044_uncultured soil bacterium	B4044_uncultured soil bacterium	Bacteria
B405_uncultured	B405_uncultured	Bacteria
B408_uncultured Hyphomicrobiaceae bacterium	B408_uncultured Hyphomicrobiaceae bacterium	Bacteria
B4085_f_Paenibacillaceae	B4085_f_Paenibacillaceae	Bacteria
B410_uncultured	B410_uncultured	Bacteria
B411_o_Betaproteobacteriales	B411_o_Betaproteobacteriales	Bacteria
B4111_uncultured Chloroflexi bacterium	B4111_uncultured Chloroflexi bacterium	Bacteria
B4121_Candidatus Protochlamydia	B4121_Candidatus Protochlamydia	Bacteria
B4139_Candidatus Methylospira	B4139_Candidatus Methylospira	Bacteria
B415_Anaerolinea	B415_Anaerolinea	Bacteria
B416_Candidatus Solibacter	B416_Candidatus Solibacter	Bacteria
B4165_Candidatus Anammoximicrobium	B4165_Candidatus Anammoximicrobium	Bacteria
B4168_f_0319-6G20	B4168_f_0319-6G20	Bacteria
B4169_Sideroxydans	B4169_Sideroxydans	Bacteria
B417_o_NA	B417_o_NA	Bacteria
B4191_JSC-12	B4191_JSC-12	Bacteria
B42_f_Micrococcaceae	B42_f_Micrococcaceae	Bacteria
B420_Caulobacter	B420_Caulobacter	Bacteria
B4205_f_Burkholderiaceae	B4205_f_Burkholderiaceae	Bacteria
B421_uncultured bacterium	B421_uncultured bacterium	Bacteria
B4210_Candidatus Competibacter	B4210_Candidatus Competibacter	Bacteria
B4218_f_Pirellulaceae	B4218_f_Pirellulaceae	Bacteria
B422_Bryobacter	B422_Bryobacter	Bacteria
B4237_uncultured	B4237_uncultured	Bacteria
B424_uncultured	B424_uncultured	Bacteria
B4243_uncultured bacterium	B4243_uncultured bacterium	Bacteria
B4249_uncultured bacterium	B4249_uncultured bacterium	Bacteria
B425_uncultured eubacterium WCHB1-50	B425_uncultured eubacterium WCHB1-50	Bacteria
B4252_uncultured soil bacterium	B4252_uncultured soil bacterium	Bacteria
B426_Kineosporia	B426_Kineosporia	Bacteria
B4264_f_Methylomonaceae	B4264_f_Methylomonaceae	Bacteria
B4285_uncultured bacterium	B4285_uncultured bacterium	Bacteria
B429_uncultured bacterium DA038	B429_uncultured bacterium DA038	Bacteria
B4290_Pseudomonas	B4290_Pseudomonas	Bacteria
B4295_metagenome	B4295_metagenome	Bacteria
B43_Pseudolabrys	B43_Pseudolabrys	Bacteria
B431_o_RBG-13-54-9	B431_o_RBG-13-54-9	Bacteria
B4313_Defluviicoccus	B4313_Defluviicoccus	Bacteria
B432_uncultured Acidobacterium sp.	B432_uncultured Acidobacterium sp.	Bacteria
B4321_uncultured bacterium	B4321_uncultured bacterium	Bacteria
B433_Syntrophobacter	B433_Syntrophobacter	Bacteria
B4333_o_Betaproteobacteriales	B4333_o_Betaproteobacteriales	Bacteria
B434_Bryobacter	B434_Bryobacter	Bacteria
B4355_metagenome	B4355_metagenome	Bacteria
B436_f_Lentimicrobiaceae	B436_f_Lentimicrobiaceae	Bacteria
B4368_uncultured	B4368_uncultured	Bacteria
B438_uncultured	B438_uncultured	Bacteria
B4387_o_Microtrichales	B4387_o_Microtrichales	Bacteria
B439_uncultured	B439_uncultured	Bacteria
B4398_Aquicella	B4398_Aquicella	Bacteria
B44_uncultured Alkaliflexus sp.	B44_uncultured Alkaliflexus sp.	Bacteria
B4405_uncultured Acidobacteriales bacterium	B4405_uncultured Acidobacteriales bacterium	Bacteria
B441_Hydrogenispora	B441_Hydrogenispora	Bacteria
B442_uncultured	B442_uncultured	Bacteria
B4425_Actinobacteria bacterium RBG_13_63_9	B4425_Actinobacteria bacterium RBG_13_63_9	Bacteria
B4441_uncultured Anaerolineaceae bacterium	B4441_uncultured Anaerolineaceae bacterium	Bacteria
B4446_uncultured bacterium	B4446_uncultured bacterium	Bacteria
B4448_uncultured bacterium	B4448_uncultured bacterium	Bacteria
B445_uncultured Archangiaceae bacterium	B445_uncultured Archangiaceae bacterium	Bacteria
B446_uncultured delta proteobacterium	B446_uncultured delta proteobacterium	Bacteria
B4460_Syntrophorhabdus	B4460_Syntrophorhabdus	Bacteria
B447_wastewater metagenome	B447_wastewater metagenome	Bacteria
B4470_Haliangium	B4470_Haliangium	Bacteria
B448_metagenome	B448_metagenome	Bacteria
B4486_OM27 clade	B4486_OM27 clade	Bacteria
B450_IS-44	B450_IS-44	Bacteria
B453_uncultured bacterium	B453_uncultured bacterium	Bacteria
B4544_Aquicella	B4544_Aquicella	Bacteria
B4559_o_NA	B4559_o_NA	Bacteria
B456_uncultured bacterium 213	B456_uncultured bacterium 213	Bacteria
B457_metagenome	B457_metagenome	Bacteria
B459_uncultured Bellilinea sp.	B459_uncultured Bellilinea sp.	Bacteria
B4596_Hydrogenispora	B4596_Hydrogenispora	Bacteria
B46_Bryobacter	B46_Bryobacter	Bacteria
B460_RBG-16-58-14	B460_RBG-16-58-14	Bacteria
B461_uncultured bacterium	B461_uncultured bacterium	Bacteria
B4615_uncultured deep-sea bacterium	B4615_uncultured deep-sea bacterium	Bacteria
B4619_uncultured bacterium	B4619_uncultured bacterium	Bacteria
B462_f_Anaerolineaceae	B462_f_Anaerolineaceae	Bacteria
B4623_Bacillus	B4623_Bacillus	Bacteria
B463_ADurb.Bin063-1	B463_ADurb.Bin063-1	Bacteria
B464_uncultured	B464_uncultured	Bacteria
B4648_Paenibacillus	B4648_Paenibacillus	Bacteria
B465_Anaeromyxobacter	B465_Anaeromyxobacter	Bacteria
B468_o_Betaproteobacteriales	B468_o_Betaproteobacteriales	Bacteria
B47_f_uncultured	B47_f_uncultured	Bacteria
B4713_uncultured prokaryote	B4713_uncultured prokaryote	Bacteria
B472_alphaI cluster	B472_alphaI cluster	Bacteria
B473_Leptolinea	B473_Leptolinea	Bacteria
B474_Methylobacter	B474_Methylobacter	Bacteria
B4744_uncultured bacterium	B4744_uncultured bacterium	Bacteria
B4745_uncultured bacterium	B4745_uncultured bacterium	Bacteria
B475_metagenome	B475_metagenome	Bacteria
B476_Arenimonas	B476_Arenimonas	Bacteria
B4762_Desulfobacca	B4762_Desulfobacca	Bacteria
B4784_f_Lachnospiraceae	B4784_f_Lachnospiraceae	Bacteria
B4796_uncultured proteobacterium	B4796_uncultured proteobacterium	Bacteria
B48_uncultured prokaryote	B48_uncultured prokaryote	Bacteria
B480_Desulfobacca	B480_Desulfobacca	Bacteria
B481_Desulfomonile	B481_Desulfomonile	Bacteria
B4812_uncultured	B4812_uncultured	Bacteria
B482_Subgroup 10	B482_Subgroup 10	Bacteria
B483_o_Subgroup 7	B483_o_Subgroup 7	Bacteria
B485_uncultured Chloroflexi bacterium	B485_uncultured Chloroflexi bacterium	Bacteria
B4863_uncultured Gemmatimonadetes bacterium	B4863_uncultured Gemmatimonadetes bacterium	Bacteria
B487_f_Holophagaceae	B487_f_Holophagaceae	Bacteria
B4871_o_NA	B4871_o_NA	Bacteria
B489_f_Gallionellaceae	B489_f_Gallionellaceae	Bacteria
B49_uncultured prokaryote	B49_uncultured prokaryote	Bacteria
B490_f_Acidobacteriaceae (Subgroup 1)	B490_f_Acidobacteriaceae (Subgroup 1)	Bacteria
B491_Sideroxydans	B491_Sideroxydans	Bacteria
B492_Arenimonas	B492_Arenimonas	Bacteria
B493_o_uncultured	B493_o_uncultured	Bacteria
B494_uncultured	B494_uncultured	Bacteria
B495_o_Betaproteobacteriales	B495_o_Betaproteobacteriales	Bacteria
B4956_uncultured proteobacterium	B4956_uncultured proteobacterium	Bacteria
B496_f_uncultured	B496_f_uncultured	Bacteria
B497_uncultured	B497_uncultured	Bacteria
B4974_o_Myxococcales	B4974_o_Myxococcales	Bacteria
B499_f_Solibacteraceae (Subgroup 3)	B499_f_Solibacteraceae (Subgroup 3)	Bacteria
B4998_f_Desulfobulbaceae	B4998_f_Desulfobulbaceae	Bacteria
B5_Sideroxydans	B5_Sideroxydans	Bacteria
B500_Anaeromyxobacter	B500_Anaeromyxobacter	Bacteria
B5006_uncultured	B5006_uncultured	Bacteria
B5016_Defluviicoccus	B5016_Defluviicoccus	Bacteria
B5036_Anaeromyxobacter	B5036_Anaeromyxobacter	Bacteria
B5042_Anaeromyxobacter	B5042_Anaeromyxobacter	Bacteria
B5058_Gaiella	B5058_Gaiella	Bacteria
B506_uncultured	B506_uncultured	Bacteria
B507_Bryobacter	B507_Bryobacter	Bacteria
B5072_o_NA	B5072_o_NA	Bacteria
B509_o_Myxococcales	B509_o_Myxococcales	Bacteria
B5095_uncultured	B5095_uncultured	Bacteria
B51_f_uncultured	B51_f_uncultured	Bacteria
B512_uncultured bacterium	B512_uncultured bacterium	Bacteria
B513_Gemmatimonas	B513_Gemmatimonas	Bacteria
B5179_Bdellovibrio	B5179_Bdellovibrio	Bacteria
B5189_o_Myxococcales	B5189_o_Myxococcales	Bacteria
B519_uncultured	B519_uncultured	Bacteria
B52_RBG-16-58-14	B52_RBG-16-58-14	Bacteria
B520_Acidibacter	B520_Acidibacter	Bacteria
B5203_Clostridium sensu stricto 1	B5203_Clostridium sensu stricto 1	Bacteria
B5207_Geobacter	B5207_Geobacter	Bacteria
B5208_Acetivibrio	B5208_Acetivibrio	Bacteria
B521_Arenimonas	B521_Arenimonas	Bacteria
B522_Geothrix	B522_Geothrix	Bacteria
B523_f_WD2101 soil group	B523_f_WD2101 soil group	Bacteria
B5232_uncultured soil bacterium	B5232_uncultured soil bacterium	Bacteria
B524_o_RBG-13-54-9	B524_o_RBG-13-54-9	Bacteria
B525_Ferruginibacter	B525_Ferruginibacter	Bacteria
B526_uncultured forest soil bacterium	B526_uncultured forest soil bacterium	Bacteria
B527_uncultured prokaryote	B527_uncultured prokaryote	Bacteria
B5308_uncultured Acidobacterium sp.	B5308_uncultured Acidobacterium sp.	Bacteria
B531_uncultured Caldilineaceae bacterium	B531_uncultured Caldilineaceae bacterium	Bacteria
B5315_uncultured	B5315_uncultured	Bacteria
B533_f_uncultured	B533_f_uncultured	Bacteria
B534_uncultured bacterium	B534_uncultured bacterium	Bacteria
B5347_uncultured Rubrobacteraceae bacterium	B5347_uncultured Rubrobacteraceae bacterium	Bacteria
B539_o_Subgroup 13	B539_o_Subgroup 13	Bacteria
B54_Oryzihumus	B54_Oryzihumus	Bacteria
B541_Chthonomonas	B541_Chthonomonas	Bacteria
B5427_Pir3 lineage	B5427_Pir3 lineage	Bacteria
B545_beta proteobacterium JGI 0001003-N18	B545_beta proteobacterium JGI 0001003-N18	Bacteria
B547_ADurb.Bin063-1	B547_ADurb.Bin063-1	Bacteria
B5471_o_NA	B5471_o_NA	Bacteria
B5480_Pedosphaera	B5480_Pedosphaera	Bacteria
B5487_uncultured bacterium	B5487_uncultured bacterium	Bacteria
B55_Thiobacillus	B55_Thiobacillus	Bacteria
B550_Sva0081 sediment group	B550_Sva0081 sediment group	Bacteria
B551_Gaiella	B551_Gaiella	Bacteria
B5510_f_Ruminococcaceae	B5510_f_Ruminococcaceae	Bacteria
B5538_uncultured	B5538_uncultured	Bacteria
B5545_Bacillus	B5545_Bacillus	Bacteria
B556_uncultured Armatimonadetes bacterium	B556_uncultured Armatimonadetes bacterium	Bacteria
B5571_uncultured Verrucomicrobia bacterium	B5571_uncultured Verrucomicrobia bacterium	Bacteria
B5589_uncultured	B5589_uncultured	Bacteria
B56_uncultured prokaryote	B56_uncultured prokaryote	Bacteria
B560_uncultured	B560_uncultured	Bacteria
B561_Jatrophihabitans	B561_Jatrophihabitans	Bacteria
B5617_o_NA	B5617_o_NA	Bacteria
B5629_Subgroup 10	B5629_Subgroup 10	Bacteria
B564_Pseudomonas	B564_Pseudomonas	Bacteria
B566_uncultured Caldilineae bacterium	B566_uncultured Caldilineae bacterium	Bacteria
B5665_f_Sphingobacteriaceae	B5665_f_Sphingobacteriaceae	Bacteria
B5685_o_NA	B5685_o_NA	Bacteria
B569_uncultured Chlorobi bacterium	B569_uncultured Chlorobi bacterium	Bacteria
B5696_Pajaroellobacter	B5696_Pajaroellobacter	Bacteria
B57_Conexibacter	B57_Conexibacter	Bacteria
B570_uncultured Conexibacter sp.	B570_uncultured Conexibacter sp.	Bacteria
B571_uncultured	B571_uncultured	Bacteria
B5717_Deferrisoma	B5717_Deferrisoma	Bacteria
B572_f_Blastocatellaceae	B572_f_Blastocatellaceae	Bacteria
B574_uncultured bacterium	B574_uncultured bacterium	Bacteria
B5757_o_NA	B5757_o_NA	Bacteria
B5766_Aquicella	B5766_Aquicella	Bacteria
B577_Gaiella	B577_Gaiella	Bacteria
B5775_Subgroup 10	B5775_Subgroup 10	Bacteria
B579_uncultured bacterium	B579_uncultured bacterium	Bacteria
B58_uncultured Thermoflavimicrobium sp.	B58_uncultured Thermoflavimicrobium sp.	Bacteria
B580_Aetherobacter	B580_Aetherobacter	Bacteria
B581_o_Subgroup 7	B581_o_Subgroup 7	Bacteria
B583_Polaromonas	B583_Polaromonas	Bacteria
B585_Mucilaginibacter	B585_Mucilaginibacter	Bacteria
B586_uncultured	B586_uncultured	Bacteria
B589_uncultured prokaryote	B589_uncultured prokaryote	Bacteria
B592_uncultured bacterium	B592_uncultured bacterium	Bacteria
B5939_uncultured Acidobacterium sp.	B5939_uncultured Acidobacterium sp.	Bacteria
B594_metagenome	B594_metagenome	Bacteria
B5949_o_NA	B5949_o_NA	Bacteria
B597_o_NA	B597_o_NA	Bacteria
B598_Clostridium sensu stricto 13	B598_Clostridium sensu stricto 13	Bacteria
B6_Terrabacter	B6_Terrabacter	Bacteria
B60_uncultured bacterium	B60_uncultured bacterium	Bacteria
B600_uncultured	B600_uncultured	Bacteria
B6007_uncultured bacterium	B6007_uncultured bacterium	Bacteria
B602_Pseudolabrys	B602_Pseudolabrys	Bacteria
B6033_Bdellovibrio	B6033_Bdellovibrio	Bacteria
B6038_o_NA	B6038_o_NA	Bacteria
B606_unidentified	B606_unidentified	Bacteria
B607_uncultured bacterium	B607_uncultured bacterium	Bacteria
B6076_uncultured soil bacterium	B6076_uncultured soil bacterium	Bacteria
B61_Ellin6067	B61_Ellin6067	Bacteria
B6106_uncultured bacterium	B6106_uncultured bacterium	Bacteria
B6108_uncultured bacterium SJA-121	B6108_uncultured bacterium SJA-121	Bacteria
B611_f_Nocardioidaceae	B611_f_Nocardioidaceae	Bacteria
B613_o_uncultured	B613_o_uncultured	Bacteria
B6130_uncultured Prosthecobacter sp.	B6130_uncultured Prosthecobacter sp.	Bacteria
B6148_o_NA	B6148_o_NA	Bacteria
B615_Desulfomonile	B615_Desulfomonile	Bacteria
B619_o_NA	B619_o_NA	Bacteria
B62_Mycobacterium	B62_Mycobacterium	Bacteria
B620_uncultured proteobacterium	B620_uncultured proteobacterium	Bacteria
B622_uncultured planctomycete	B622_uncultured planctomycete	Bacteria
B623_uncultured Prosthecobacter sp.	B623_uncultured Prosthecobacter sp.	Bacteria
B6230_Micromonospora	B6230_Micromonospora	Bacteria
B624_f_uncultured	B624_f_uncultured	Bacteria
B625_o_NA	B625_o_NA	Bacteria
B6277_metagenome	B6277_metagenome	Bacteria
B628_ADurb.Bin063-1	B628_ADurb.Bin063-1	Bacteria
B629_o_NA	B629_o_NA	Bacteria
B630_Candidatus Solibacter	B630_Candidatus Solibacter	Bacteria
B6300_o_NA	B6300_o_NA	Bacteria
B631_f_uncultured	B631_f_uncultured	Bacteria
B6324_o_RBG-13-54-9	B6324_o_RBG-13-54-9	Bacteria
B633_o_NA	B633_o_NA	Bacteria
B637_uncultured	B637_uncultured	Bacteria
B638_alphaI cluster	B638_alphaI cluster	Bacteria
B6386_o_NA	B6386_o_NA	Bacteria
B639_uncultured prokaryote	B639_uncultured prokaryote	Bacteria
B64_uncultured bacterium 213	B64_uncultured bacterium 213	Bacteria
B643_GOUTA6	B643_GOUTA6	Bacteria
B645_uncultured Chloroflexi bacterium	B645_uncultured Chloroflexi bacterium	Bacteria
B647_uncultured	B647_uncultured	Bacteria
B6475_RB41	B6475_RB41	Bacteria
B649_f_SC-I-84	B649_f_SC-I-84	Bacteria
B65_Ellin6067	B65_Ellin6067	Bacteria
B653_uncultured Conexibacteraceae bacterium	B653_uncultured Conexibacteraceae bacterium	Bacteria
B656_o_NA	B656_o_NA	Bacteria
B6577_uncultured Desulfovibrionales bacterium	B6577_uncultured Desulfovibrionales bacterium	Bacteria
B658_f_Acetobacteraceae	B658_f_Acetobacteraceae	Bacteria
B66_uncultured	B66_uncultured	Bacteria
B660_uncultured bacterium	B660_uncultured bacterium	Bacteria
B6600_uncultured Syntrophobacteraceae bacterium	B6600_uncultured Syntrophobacteraceae bacterium	Bacteria
B663_Arenimonas	B663_Arenimonas	Bacteria
B664_uncultured bacterium	B664_uncultured bacterium	Bacteria
B668_o_NA	B668_o_NA	Bacteria
B6686_f_Lachnospiraceae	B6686_f_Lachnospiraceae	Bacteria
B67_uncultured	B67_uncultured	Bacteria
B6713_Actinoplanes	B6713_Actinoplanes	Bacteria
B672_Geobacter	B672_Geobacter	Bacteria
B673_Jatrophihabitans	B673_Jatrophihabitans	Bacteria
B676_uncultured	B676_uncultured	Bacteria
B679_OLB12	B679_OLB12	Bacteria
B683_uncultured bacterium	B683_uncultured bacterium	Bacteria
B684_o_NA	B684_o_NA	Bacteria
B685_uncultured soil bacterium	B685_uncultured soil bacterium	Bacteria
B686_Ferritrophicum	B686_Ferritrophicum	Bacteria
B688_uncultured Planctomyces sp.	B688_uncultured Planctomyces sp.	Bacteria
B689_uncultured bacterium 5G4	B689_uncultured bacterium 5G4	Bacteria
B69_o_SJA-15	B69_o_SJA-15	Bacteria
B6901_f_env.OPS 17	B6901_f_env.OPS 17	Bacteria
B691_o_Microtrichales	B691_o_Microtrichales	Bacteria
B6916_f_Micromonosporaceae	B6916_f_Micromonosporaceae	Bacteria
B6919_uncultured eubacterium WCHB1-50	B6919_uncultured eubacterium WCHB1-50	Bacteria
B693_uncultured bacterium	B693_uncultured bacterium	Bacteria
B6930_Desulfomonile	B6930_Desulfomonile	Bacteria
B6938_uncultured	B6938_uncultured	Bacteria
B694_uncultured prokaryote	B694_uncultured prokaryote	Bacteria
B695_uncultured soil bacterium	B695_uncultured soil bacterium	Bacteria
B6977_uncultured bacterium	B6977_uncultured bacterium	Bacteria
B699_AKIW659	B699_AKIW659	Bacteria
B7_f_Micrococcaceae	B7_f_Micrococcaceae	Bacteria
B701_unidentified	B701_unidentified	Bacteria
B702_Reyranella	B702_Reyranella	Bacteria
B704_Sphingomonas	B704_Sphingomonas	Bacteria
B705_Clostridium sensu stricto 12	B705_Clostridium sensu stricto 12	Bacteria
B7054_Methylogaea	B7054_Methylogaea	Bacteria
B706_uncultured proteobacterium	B706_uncultured proteobacterium	Bacteria
B7082_Anabaena HBU1	B7082_Anabaena HBU1	Bacteria
B71_Syntrophobacter	B71_Syntrophobacter	Bacteria
B710_Arenimonas	B710_Arenimonas	Bacteria
B711_uncultured prokaryote	B711_uncultured prokaryote	Bacteria
B714_uncultured bacterium	B714_uncultured bacterium	Bacteria
B7141_o_NA	B7141_o_NA	Bacteria
B716_uncultured bacterium mle1-16	B716_uncultured bacterium mle1-16	Bacteria
B7165_f_Pirellulaceae	B7165_f_Pirellulaceae	Bacteria
B717_uncultured Acidobacteriales bacterium	B717_uncultured Acidobacteriales bacterium	Bacteria
B7176_f_0319-6G20	B7176_f_0319-6G20	Bacteria
B719_Conexibacter	B719_Conexibacter	Bacteria
B7197_Ignavibacteria bacterium RIFCSPLOWO2_12_FULL_56_21	B7197_Ignavibacteria bacterium RIFCSPLOWO2_12_FULL_56_21	Bacteria
B72_Desulfobacca	B72_Desulfobacca	Bacteria
B7206_uncultured bacterium	B7206_uncultured bacterium	Bacteria
B721_Pseudolabrys	B721_Pseudolabrys	Bacteria
B7214_uncultured bacterium GC55	B7214_uncultured bacterium GC55	Bacteria
B723_uncultured soil bacterium	B723_uncultured soil bacterium	Bacteria
B724_uncultured bacterium	B724_uncultured bacterium	Bacteria
B7250_mle1-7	B7250_mle1-7	Bacteria
B7276_uncultured	B7276_uncultured	Bacteria
B7289_uncultured planctomycete	B7289_uncultured planctomycete	Bacteria
B73_o_NA	B73_o_NA	Bacteria
B730_uncultured soil bacterium	B730_uncultured soil bacterium	Bacteria
B7309_f_Blfdi19	B7309_f_Blfdi19	Bacteria
B732_o_Sva0485	B732_o_Sva0485	Bacteria
B7324_f_0319-6G20	B7324_f_0319-6G20	Bacteria
B7325_uncultured eubacterium WCHB1-50	B7325_uncultured eubacterium WCHB1-50	Bacteria
B733_Subgroup 10	B733_Subgroup 10	Bacteria
B737_uncultured	B737_uncultured	Bacteria
B7370_uncultured bacterium SJA-121	B7370_uncultured bacterium SJA-121	Bacteria
B738_uncultured soil bacterium	B738_uncultured soil bacterium	Bacteria
B739_uncultured bacterium	B739_uncultured bacterium	Bacteria
B741_Streptomyces	B741_Streptomyces	Bacteria
B7421_o_NA	B7421_o_NA	Bacteria
B7441_uncultured bacterium	B7441_uncultured bacterium	Bacteria
B7457_Leptolyngbya ANT.L52.2	B7457_Leptolyngbya ANT.L52.2	Bacteria
B746_Candidatus Udaeobacter	B746_Candidatus Udaeobacter	Bacteria
B7469_uncultured Bacteroidetes bacterium	B7469_uncultured Bacteroidetes bacterium	Bacteria
B748_Pirellula	B748_Pirellula	Bacteria
B75_Gemmatimonas	B75_Gemmatimonas	Bacteria
B751_CL500-29 marine group	B751_CL500-29 marine group	Bacteria
B7517_Aquicella	B7517_Aquicella	Bacteria
B7534_uncultured Elusimicrobia bacterium	B7534_uncultured Elusimicrobia bacterium	Bacteria
B754_MND1	B754_MND1	Bacteria
B755_AKIW659	B755_AKIW659	Bacteria
B756_f_A21b	B756_f_A21b	Bacteria
B759_uncultured bacterium	B759_uncultured bacterium	Bacteria
B76_o_NA	B76_o_NA	Bacteria
B762_uncultured Acidobacteria bacterium	B762_uncultured Acidobacteria bacterium	Bacteria
B7621_CL500-29 marine group	B7621_CL500-29 marine group	Bacteria
B763_uncultured prokaryote	B763_uncultured prokaryote	Bacteria
B764_uncultured bacterium SJA-22	B764_uncultured bacterium SJA-22	Bacteria
B765_f_uncultured	B765_f_uncultured	Bacteria
B768_uncultured proteobacterium	B768_uncultured proteobacterium	Bacteria
B7693_f_WD2101 soil group	B7693_f_WD2101 soil group	Bacteria
B77_Candidatus Nitrotoga	B77_Candidatus Nitrotoga	Bacteria
B770_Candidatus Udaeobacter	B770_Candidatus Udaeobacter	Bacteria
B771_o_NA	B771_o_NA	Bacteria
B7721_o_RBG-13-54-9	B7721_o_RBG-13-54-9	Bacteria
B7743_Syntrophobacter	B7743_Syntrophobacter	Bacteria
B778_uncultured Caldilineaceae bacterium	B778_uncultured Caldilineaceae bacterium	Bacteria
B7783_Hydrogenispora	B7783_Hydrogenispora	Bacteria
B7795_PAUC26f	B7795_PAUC26f	Bacteria
B78_f_Anaerolineaceae	B78_f_Anaerolineaceae	Bacteria
B781_o_Acidobacteriales	B781_o_Acidobacteriales	Bacteria
B7818_f_AKAU3564 sediment group	B7818_f_AKAU3564 sediment group	Bacteria
B783_Gemmatimonas	B783_Gemmatimonas	Bacteria
B785_Bacteriovorax	B785_Bacteriovorax	Bacteria
B786_o_CCD24	B786_o_CCD24	Bacteria
B787_o_NA	B787_o_NA	Bacteria
B789_uncultured	B789_uncultured	Bacteria
B7897_Subgroup 10	B7897_Subgroup 10	Bacteria
B79_f_SC-I-84	B79_f_SC-I-84	Bacteria
B791_RBG-16-58-14	B791_RBG-16-58-14	Bacteria
B7931_uncultured	B7931_uncultured	Bacteria
B794_f_Chitinophagaceae	B794_f_Chitinophagaceae	Bacteria
B7957_f_WD2101 soil group	B7957_f_WD2101 soil group	Bacteria
B7961_o_NA	B7961_o_NA	Bacteria
B797_Bacteriovorax	B797_Bacteriovorax	Bacteria
B798_o_RBG-13-54-9	B798_o_RBG-13-54-9	Bacteria
B8_Luteimonas	B8_Luteimonas	Bacteria
B80_ADurb.Bin063-1	B80_ADurb.Bin063-1	Bacteria
B8009_Syntrophorhabdus	B8009_Syntrophorhabdus	Bacteria
B801_MND1	B801_MND1	Bacteria
B8029_o_NA	B8029_o_NA	Bacteria
B806_o_NA	B806_o_NA	Bacteria
B809_o_NA	B809_o_NA	Bacteria
B81_Pajaroellobacter	B81_Pajaroellobacter	Bacteria
B810_f_uncultured	B810_f_uncultured	Bacteria
B8105_Desulfatiglans	B8105_Desulfatiglans	Bacteria
B815_Dyella	B815_Dyella	Bacteria
B817_uncultured soil bacterium	B817_uncultured soil bacterium	Bacteria
B819_o_Myxococcales	B819_o_Myxococcales	Bacteria
B82_ADurb.Bin063-1	B82_ADurb.Bin063-1	Bacteria
B821_uncultured bacterium	B821_uncultured bacterium	Bacteria
B822_uncultured Termite group 1 bacterium	B822_uncultured Termite group 1 bacterium	Bacteria
B825_Ignavibacterium	B825_Ignavibacterium	Bacteria
B826_f_BSV26	B826_f_BSV26	Bacteria
B827_o_NA	B827_o_NA	Bacteria
B83_uncultured	B83_uncultured	Bacteria
B8332_[Desulfobacterium] catecholicum group	B8332_[Desulfobacterium] catecholicum group	Bacteria
B834_o_NA	B834_o_NA	Bacteria
B836_Sh765B-TzT-35	B836_Sh765B-TzT-35	Bacteria
B84_uncultured Syntrophaceae bacterium	B84_uncultured Syntrophaceae bacterium	Bacteria
B840_uncultured bacterium	B840_uncultured bacterium	Bacteria
B842_uncultured soil bacterium PBS-II-37	B842_uncultured soil bacterium PBS-II-37	Bacteria
B843_Mesorhizobium	B843_Mesorhizobium	Bacteria
B845_Terrimonas	B845_Terrimonas	Bacteria
B85_o_Subgroup 7	B85_o_Subgroup 7	Bacteria
B850_uncultured	B850_uncultured	Bacteria
B854_uncultured	B854_uncultured	Bacteria
B856_uncultured	B856_uncultured	Bacteria
B858_uncultured Anaerolineaceae bacterium	B858_uncultured Anaerolineaceae bacterium	Bacteria
B86_Gemmatimonas	B86_Gemmatimonas	Bacteria
B863_uncultured bacterium	B863_uncultured bacterium	Bacteria
B864_Pseudolabrys	B864_Pseudolabrys	Bacteria
B867_Gemmatimonas	B867_Gemmatimonas	Bacteria
B87_f_Kineosporiaceae	B87_f_Kineosporiaceae	Bacteria
B871_Terrimonas	B871_Terrimonas	Bacteria
B872_uncultured Pelobacter sp.	B872_uncultured Pelobacter sp.	Bacteria
B8728_uncultured soil bacterium	B8728_uncultured soil bacterium	Bacteria
B8729_f_Parachlamydiaceae	B8729_f_Parachlamydiaceae	Bacteria
B8737_uncultured soil bacterium	B8737_uncultured soil bacterium	Bacteria
B875_uncultured bacterium	B875_uncultured bacterium	Bacteria
B877_uncultured	B877_uncultured	Bacteria
B878_Dongia	B878_Dongia	Bacteria
B8794_uncultured bacterium	B8794_uncultured bacterium	Bacteria
B88_o_NA	B88_o_NA	Bacteria
B8807_Ammoniphilus	B8807_Ammoniphilus	Bacteria
B881_uncultured bacterium	B881_uncultured bacterium	Bacteria
B883_uncultured soil bacterium PBS-III-30	B883_uncultured soil bacterium PBS-III-30	Bacteria
B887_uncultured	B887_uncultured	Bacteria
B8878_marine metagenome	B8878_marine metagenome	Bacteria
B888_f_Bacteroidetes vadinHA17	B888_f_Bacteroidetes vadinHA17	Bacteria
B889_uncultured bacterium	B889_uncultured bacterium	Bacteria
B89_f_Gallionellaceae	B89_f_Gallionellaceae	Bacteria
B890_f_Desulfobulbaceae	B890_f_Desulfobulbaceae	Bacteria
B8909_RB41	B8909_RB41	Bacteria
B8918_Conexibacter	B8918_Conexibacter	Bacteria
B894_Candidatus Koribacter	B894_Candidatus Koribacter	Bacteria
B8981_o_mle1-8	B8981_o_mle1-8	Bacteria
B9_f_Rhodanobacteraceae	B9_f_Rhodanobacteraceae	Bacteria
B900_uncultured soil bacterium	B900_uncultured soil bacterium	Bacteria
B902_Aquisphaera	B902_Aquisphaera	Bacteria
B904_uncultured	B904_uncultured	Bacteria
B907_uncultured bacterium	B907_uncultured bacterium	Bacteria
B908_f_Archangiaceae	B908_f_Archangiaceae	Bacteria
B9093_Novosphingobium	B9093_Novosphingobium	Bacteria
B91_RBG-16-58-14	B91_RBG-16-58-14	Bacteria
B912_Phenylobacterium	B912_Phenylobacterium	Bacteria
B921_o_Bacillales	B921_o_Bacillales	Bacteria
B923_uncultured Anaerolineaceae bacterium	B923_uncultured Anaerolineaceae bacterium	Bacteria
B924_uncultured proteobacterium	B924_uncultured proteobacterium	Bacteria
B929_uncultured Chloroflexi bacterium	B929_uncultured Chloroflexi bacterium	Bacteria
B93_uncultured	B93_uncultured	Bacteria
B931_Spirochaeta 2	B931_Spirochaeta 2	Bacteria
B933_uncultured Chlorobiales bacterium	B933_uncultured Chlorobiales bacterium	Bacteria
B939_Rhodoferax	B939_Rhodoferax	Bacteria
B9393_uncultured	B9393_uncultured	Bacteria
B94_f_Micropepsaceae	B94_f_Micropepsaceae	Bacteria
B943_uncultured bacterium	B943_uncultured bacterium	Bacteria
B944_Rhodomicrobium	B944_Rhodomicrobium	Bacteria
B9447_Dongia	B9447_Dongia	Bacteria
B9457_f_Vermiphilaceae	B9457_f_Vermiphilaceae	Bacteria
B953_o_NA	B953_o_NA	Bacteria
B958_SWB02	B958_SWB02	Bacteria
B9591_Armatimonadetes bacterium 55-13	B9591_Armatimonadetes bacterium 55-13	Bacteria
B96_Geobacter	B96_Geobacter	Bacteria
B962_o_NA	B962_o_NA	Bacteria
B964_Candidatus Berkiella	B964_Candidatus Berkiella	Bacteria
B968_uncultured deep-sea bacterium	B968_uncultured deep-sea bacterium	Bacteria
B969_f_uncultured	B969_f_uncultured	Bacteria
B97_Gaiella	B97_Gaiella	Bacteria
B971_f_uncultured	B971_f_uncultured	Bacteria
B972_o_NA	B972_o_NA	Bacteria
B973_Acidibacter	B973_Acidibacter	Bacteria
B977_Ignavibacterium	B977_Ignavibacterium	Bacteria
B978_Haliangium	B978_Haliangium	Bacteria
B9785_Hydrogenispora	B9785_Hydrogenispora	Bacteria
B98_uncultured	B98_uncultured	Bacteria
B980_o_NA	B980_o_NA	Bacteria
B982_Pseudomonas	B982_Pseudomonas	Bacteria
B984_uncultured Chloroflexi bacterium	B984_uncultured Chloroflexi bacterium	Bacteria
B986_uncultured bacterium	B986_uncultured bacterium	Bacteria
B9860_Phaselicystis	B9860_Phaselicystis	Bacteria
B987_Leptolinea	B987_Leptolinea	Bacteria
B988_GOUTB8	B988_GOUTB8	Bacteria
B9895_uncultured	B9895_uncultured	Bacteria
B99_ADurb.Bin063-1	B99_ADurb.Bin063-1	Bacteria
B991_uncultured bacterium	B991_uncultured bacterium	Bacteria
B9910_uncultured bacterium	B9910_uncultured bacterium	Bacteria
B992_uncultured Desulfuromonadales bacterium	B992_uncultured Desulfuromonadales bacterium	Bacteria
B9968_uncultured	B9968_uncultured	Bacteria
B997_Haliangium	B997_Haliangium	Bacteria
B999_uncultured Acidobacteria bacterium	B999_uncultured Acidobacteria bacterium	Bacteria
F1_Guehomyces	F1_Guehomyces	Fungi
F10_Mrakia	F10_Mrakia	Fungi
F100_Microscypha	F100_Microscypha	Fungi
F1002_unidentified	F1002_unidentified	Fungi
F101_Humicola	F101_Humicola	Fungi
F1014_Trichomerium	F1014_Trichomerium	Fungi
F1015_unidentified	F1015_unidentified	Fungi
F1019_unidentified	F1019_unidentified	Fungi
F103_o_NA	F103_o_NA	Fungi
F1045_unidentified	F1045_unidentified	Fungi
F1046_unidentified	F1046_unidentified	Fungi
F1048_Penicillium	F1048_Penicillium	Fungi
F105_Zopfiella	F105_Zopfiella	Fungi
F1050_Hannaella	F1050_Hannaella	Fungi
F106_o_Hypocreales	F106_o_Hypocreales	Fungi
F1077_unidentified	F1077_unidentified	Fungi
F108_o_NA	F108_o_NA	Fungi
F1080_unidentified	F1080_unidentified	Fungi
F11_unidentified	F11_unidentified	Fungi
F110_unidentified	F110_unidentified	Fungi
F1106_o_NA	F1106_o_NA	Fungi
F112_o_NA	F112_o_NA	Fungi
F113_Setophoma	F113_Setophoma	Fungi
F1138_o_NA	F1138_o_NA	Fungi
F114_o_Helotiales	F114_o_Helotiales	Fungi
F1158_unidentified	F1158_unidentified	Fungi
F117_o_Sordariales	F117_o_Sordariales	Fungi
F118_Peziza	F118_Peziza	Fungi
F120_o_NA	F120_o_NA	Fungi
F1206_Septoriella	F1206_Septoriella	Fungi
F121_o_NA	F121_o_NA	Fungi
F1214_o_NA	F1214_o_NA	Fungi
F1222_unidentified	F1222_unidentified	Fungi
F1224_unidentified	F1224_unidentified	Fungi
F123_f_Didymosphaeriaceae	F123_f_Didymosphaeriaceae	Fungi
F1237_f_Lycoperdaceae	F1237_f_Lycoperdaceae	Fungi
F1239_unidentified	F1239_unidentified	Fungi
F125_o_Leucosporidiales	F125_o_Leucosporidiales	Fungi
F1262_o_NA	F1262_o_NA	Fungi
F1263_unidentified	F1263_unidentified	Fungi
F1264_unidentified	F1264_unidentified	Fungi
F1272_o_Eurotiales	F1272_o_Eurotiales	Fungi
F1286_Aspergillus	F1286_Aspergillus	Fungi
F1296_o_NA	F1296_o_NA	Fungi
F1298_unidentified	F1298_unidentified	Fungi
F13_Schizothecium	F13_Schizothecium	Fungi
F1300_o_NA	F1300_o_NA	Fungi
F1305_o_NA	F1305_o_NA	Fungi
F1312_o_NA	F1312_o_NA	Fungi
F1316_unidentified	F1316_unidentified	Fungi
F1317_unidentified	F1317_unidentified	Fungi
F132_unidentified	F132_unidentified	Fungi
F1326_o_NA	F1326_o_NA	Fungi
F1336_unidentified	F1336_unidentified	Fungi
F1343_o_NA	F1343_o_NA	Fungi
F1345_unidentified	F1345_unidentified	Fungi
F135_Alternaria	F135_Alternaria	Fungi
F136_Spirosphaera	F136_Spirosphaera	Fungi
F1365_unidentified	F1365_unidentified	Fungi
F137_o_NA	F137_o_NA	Fungi
F1371_o_NA	F1371_o_NA	Fungi
F1372_unidentified	F1372_unidentified	Fungi
F1377_unidentified	F1377_unidentified	Fungi
F138_Rhizophydium	F138_Rhizophydium	Fungi
F1385_o_NA	F1385_o_NA	Fungi
F139_o_NA	F139_o_NA	Fungi
F1396_unidentified	F1396_unidentified	Fungi
F140_o_NA	F140_o_NA	Fungi
F1402_unidentified	F1402_unidentified	Fungi
F1406_o_NA	F1406_o_NA	Fungi
F142_Mortierella	F142_Mortierella	Fungi
F143_unidentified	F143_unidentified	Fungi
F1432_Westerdykella	F1432_Westerdykella	Fungi
F1446_unidentified	F1446_unidentified	Fungi
F145_o_NA	F145_o_NA	Fungi
F1454_unidentified	F1454_unidentified	Fungi
F1458_o_NA	F1458_o_NA	Fungi
F1473_unidentified	F1473_unidentified	Fungi
F148_unidentified	F148_unidentified	Fungi
F1483_Chaetomella	F1483_Chaetomella	Fungi
F149_Slooffia	F149_Slooffia	Fungi
F1490_unidentified	F1490_unidentified	Fungi
F1497_unidentified	F1497_unidentified	Fungi
F15_o_Sordariales	F15_o_Sordariales	Fungi
F1534_unidentified	F1534_unidentified	Fungi
F154_o_NA	F154_o_NA	Fungi
F155_o_NA	F155_o_NA	Fungi
F1551_unidentified	F1551_unidentified	Fungi
F1568_unidentified	F1568_unidentified	Fungi
F1574_Trichoderma	F1574_Trichoderma	Fungi
F1576_unidentified	F1576_unidentified	Fungi
F1577_Rhizophydium	F1577_Rhizophydium	Fungi
F158_o_NA	F158_o_NA	Fungi
F1585_o_NA	F1585_o_NA	Fungi
F1588_unidentified	F1588_unidentified	Fungi
F1589_unidentified	F1589_unidentified	Fungi
F1591_unidentified	F1591_unidentified	Fungi
F1595_unidentified	F1595_unidentified	Fungi
F16_Zopfiella	F16_Zopfiella	Fungi
F1604_o_NA	F1604_o_NA	Fungi
F161_Coprinellus	F161_Coprinellus	Fungi
F1610_unidentified	F1610_unidentified	Fungi
F162_unidentified	F162_unidentified	Fungi
F163_o_NA	F163_o_NA	Fungi
F1638_unidentified	F1638_unidentified	Fungi
F1649_o_NA	F1649_o_NA	Fungi
F165_o_NA	F165_o_NA	Fungi
F1657_unidentified	F1657_unidentified	Fungi
F1661_unidentified	F1661_unidentified	Fungi
F1675_Mortierella	F1675_Mortierella	Fungi
F1678_unidentified	F1678_unidentified	Fungi
F1689_unidentified	F1689_unidentified	Fungi
F17_Cladosporium	F17_Cladosporium	Fungi
F170_unidentified	F170_unidentified	Fungi
F1703_unidentified	F1703_unidentified	Fungi
F171_Thanatephorus	F171_Thanatephorus	Fungi
F1714_unidentified	F1714_unidentified	Fungi
F1715_unidentified	F1715_unidentified	Fungi
F172_unidentified	F172_unidentified	Fungi
F1726_unidentified	F1726_unidentified	Fungi
F1728_unidentified	F1728_unidentified	Fungi
F174_Thanatephorus	F174_Thanatephorus	Fungi
F1742_unidentified	F1742_unidentified	Fungi
F1757_unidentified	F1757_unidentified	Fungi
F176_unidentified	F176_unidentified	Fungi
F1765_f_Lasiosphaeriaceae	F1765_f_Lasiosphaeriaceae	Fungi
F1786_unidentified	F1786_unidentified	Fungi
F1793_Schizothecium	F1793_Schizothecium	Fungi
F1797_unidentified	F1797_unidentified	Fungi
F18_Schizothecium	F18_Schizothecium	Fungi
F1803_o_NA	F1803_o_NA	Fungi
F1808_Pseudaleuria	F1808_Pseudaleuria	Fungi
F1809_unidentified	F1809_unidentified	Fungi
F1815_unidentified	F1815_unidentified	Fungi
F1818_unidentified	F1818_unidentified	Fungi
F1821_unidentified	F1821_unidentified	Fungi
F1834_unidentified	F1834_unidentified	Fungi
F184_o_Sordariales	F184_o_Sordariales	Fungi
F1846_unidentified	F1846_unidentified	Fungi
F1872_unidentified	F1872_unidentified	Fungi
F188_unidentified	F188_unidentified	Fungi
F189_Nigrospora	F189_Nigrospora	Fungi
F1920_unidentified	F1920_unidentified	Fungi
F1921_o_NA	F1921_o_NA	Fungi
F1928_unidentified	F1928_unidentified	Fungi
F1931_unidentified	F1931_unidentified	Fungi
F1932_unidentified	F1932_unidentified	Fungi
F1938_unidentified	F1938_unidentified	Fungi
F194_Emericellopsis	F194_Emericellopsis	Fungi
F1959_unidentified	F1959_unidentified	Fungi
F196_o_NA	F196_o_NA	Fungi
F1969_unidentified	F1969_unidentified	Fungi
F197_o_NA	F197_o_NA	Fungi
F1974_unidentified	F1974_unidentified	Fungi
F198_Neodevriesia	F198_Neodevriesia	Fungi
F1984_unidentified	F1984_unidentified	Fungi
F199_unidentified	F199_unidentified	Fungi
F200_Rhizoctonia	F200_Rhizoctonia	Fungi
F2025_unidentified	F2025_unidentified	Fungi
F2029_unidentified	F2029_unidentified	Fungi
F2037_unidentified	F2037_unidentified	Fungi
F2045_unidentified	F2045_unidentified	Fungi
F2047_Occultifur	F2047_Occultifur	Fungi
F2049_unidentified	F2049_unidentified	Fungi
F2060_o_NA	F2060_o_NA	Fungi
F2063_Westerdykella	F2063_Westerdykella	Fungi
F207_o_Tremellales	F207_o_Tremellales	Fungi
F2082_unidentified	F2082_unidentified	Fungi
F209_o_NA	F209_o_NA	Fungi
F2099_unidentified	F2099_unidentified	Fungi
F21_Schizothecium	F21_Schizothecium	Fungi
F210_Westerdykella	F210_Westerdykella	Fungi
F212_Penicillium	F212_Penicillium	Fungi
F2124_unidentified	F2124_unidentified	Fungi
F2128_o_NA	F2128_o_NA	Fungi
F213_Mrakiella	F213_Mrakiella	Fungi
F214_o_NA	F214_o_NA	Fungi
F2140_Scutellinia	F2140_Scutellinia	Fungi
F2143_Glaciozyma	F2143_Glaciozyma	Fungi
F2146_unidentified	F2146_unidentified	Fungi
F215_unidentified	F215_unidentified	Fungi
F2158_o_NA	F2158_o_NA	Fungi
F216_o_NA	F216_o_NA	Fungi
F2161_unidentified	F2161_unidentified	Fungi
F2168_unidentified	F2168_unidentified	Fungi
F2180_o_NA	F2180_o_NA	Fungi
F2189_unidentified	F2189_unidentified	Fungi
F2198_unidentified	F2198_unidentified	Fungi
F22_Mortierella	F22_Mortierella	Fungi
F2208_unidentified	F2208_unidentified	Fungi
F2210_unidentified	F2210_unidentified	Fungi
F2233_unidentified	F2233_unidentified	Fungi
F224_Phaeoisaria	F224_Phaeoisaria	Fungi
F2252_unidentified	F2252_unidentified	Fungi
F2261_unidentified	F2261_unidentified	Fungi
F2271_unidentified	F2271_unidentified	Fungi
F2277_unidentified	F2277_unidentified	Fungi
F2284_o_NA	F2284_o_NA	Fungi
F2304_o_NA	F2304_o_NA	Fungi
F232_Entoloma	F232_Entoloma	Fungi
F2320_unidentified	F2320_unidentified	Fungi
F233_Talaromyces	F233_Talaromyces	Fungi
F234_Mollisia	F234_Mollisia	Fungi
F235_f_Didymellaceae	F235_f_Didymellaceae	Fungi
F2351_unidentified	F2351_unidentified	Fungi
F2361_unidentified	F2361_unidentified	Fungi
F2365_unidentified	F2365_unidentified	Fungi
F237_Fusarium	F237_Fusarium	Fungi
F2398_unidentified	F2398_unidentified	Fungi
F24_Schizothecium	F24_Schizothecium	Fungi
F2400_o_NA	F2400_o_NA	Fungi
F2411_unidentified	F2411_unidentified	Fungi
F2419_Arthrocatena	F2419_Arthrocatena	Fungi
F2422_unidentified	F2422_unidentified	Fungi
F243_o_NA	F243_o_NA	Fungi
F244_Ophiosphaerella	F244_Ophiosphaerella	Fungi
F2442_unidentified	F2442_unidentified	Fungi
F2456_unidentified	F2456_unidentified	Fungi
F2476_o_NA	F2476_o_NA	Fungi
F2489_unidentified	F2489_unidentified	Fungi
F2498_unidentified	F2498_unidentified	Fungi
F25_o_Pleosporales	F25_o_Pleosporales	Fungi
F2517_unidentified	F2517_unidentified	Fungi
F2525_o_NA	F2525_o_NA	Fungi
F253_unidentified	F253_unidentified	Fungi
F2536_unidentified	F2536_unidentified	Fungi
F254_Articulospora	F254_Articulospora	Fungi
F2542_unidentified	F2542_unidentified	Fungi
F2549_unidentified	F2549_unidentified	Fungi
F256_unidentified	F256_unidentified	Fungi
F2561_unidentified	F2561_unidentified	Fungi
F2570_unidentified	F2570_unidentified	Fungi
F2577_unidentified	F2577_unidentified	Fungi
F2578_unidentified	F2578_unidentified	Fungi
F258_o_NA	F258_o_NA	Fungi
F2583_unidentified	F2583_unidentified	Fungi
F259_Tetracladium	F259_Tetracladium	Fungi
F2591_unidentified	F2591_unidentified	Fungi
F26_unidentified	F26_unidentified	Fungi
F260_unidentified	F260_unidentified	Fungi
F261_Paraphoma	F261_Paraphoma	Fungi
F262_Mortierella	F262_Mortierella	Fungi
F2624_o_NA	F2624_o_NA	Fungi
F2635_o_NA	F2635_o_NA	Fungi
F2659_unidentified	F2659_unidentified	Fungi
F2660_unidentified	F2660_unidentified	Fungi
F2663_unidentified	F2663_unidentified	Fungi
F267_o_Chaetothyriales	F267_o_Chaetothyriales	Fungi
F268_o_NA	F268_o_NA	Fungi
F2690_unidentified	F2690_unidentified	Fungi
F2696_o_NA	F2696_o_NA	Fungi
F270_o_NA	F270_o_NA	Fungi
F2704_o_Cystofilobasidiales	F2704_o_Cystofilobasidiales	Fungi
F2708_o_NA	F2708_o_NA	Fungi
F271_unidentified	F271_unidentified	Fungi
F2715_o_Sordariales	F2715_o_Sordariales	Fungi
F2743_unidentified	F2743_unidentified	Fungi
F2755_unidentified	F2755_unidentified	Fungi
F2762_unidentified	F2762_unidentified	Fungi
F2766_unidentified	F2766_unidentified	Fungi
F277_o_Sordariales	F277_o_Sordariales	Fungi
F2776_o_NA	F2776_o_NA	Fungi
F2778_unidentified	F2778_unidentified	Fungi
F278_Mortierella	F278_Mortierella	Fungi
F2799_o_Pleosporales	F2799_o_Pleosporales	Fungi
F28_o_Helotiales	F28_o_Helotiales	Fungi
F2830_unidentified	F2830_unidentified	Fungi
F2838_unidentified	F2838_unidentified	Fungi
F285_unidentified	F285_unidentified	Fungi
F2856_unidentified	F2856_unidentified	Fungi
F2859_unidentified	F2859_unidentified	Fungi
F286_Typhula	F286_Typhula	Fungi
F288_Venturia	F288_Venturia	Fungi
F2881_unidentified	F2881_unidentified	Fungi
F2884_unidentified	F2884_unidentified	Fungi
F2887_unidentified	F2887_unidentified	Fungi
F2888_o_NA	F2888_o_NA	Fungi
F289_unidentified	F289_unidentified	Fungi
F29_Tetracladium	F29_Tetracladium	Fungi
F292_Fusarium	F292_Fusarium	Fungi
F2922_unidentified	F2922_unidentified	Fungi
F2939_unidentified	F2939_unidentified	Fungi
F294_Pyricularia	F294_Pyricularia	Fungi
F2954_o_NA	F2954_o_NA	Fungi
F2962_unidentified	F2962_unidentified	Fungi
F2965_o_NA	F2965_o_NA	Fungi
F2966_unidentified	F2966_unidentified	Fungi
F2977_unidentified	F2977_unidentified	Fungi
F2985_unidentified	F2985_unidentified	Fungi
F299_Rhodotorula	F299_Rhodotorula	Fungi
F2993_o_NA	F2993_o_NA	Fungi
F3_Solicoccozyma	F3_Solicoccozyma	Fungi
F3006_unidentified	F3006_unidentified	Fungi
F3030_unidentified	F3030_unidentified	Fungi
F3031_unidentified	F3031_unidentified	Fungi
F3043_unidentified	F3043_unidentified	Fungi
F306_Pseudallescheria	F306_Pseudallescheria	Fungi
F3068_o_Agaricales	F3068_o_Agaricales	Fungi
F307_o_NA	F307_o_NA	Fungi
F309_o_NA	F309_o_NA	Fungi
F3090_unidentified	F3090_unidentified	Fungi
F310_Mrakiella	F310_Mrakiella	Fungi
F3112_f_Helotiales_fam_Incertae_sedis	F3112_f_Helotiales_fam_Incertae_sedis	Fungi
F3118_unidentified	F3118_unidentified	Fungi
F312_unidentified	F312_unidentified	Fungi
F3121_unidentified	F3121_unidentified	Fungi
F3142_unidentified	F3142_unidentified	Fungi
F3145_unidentified	F3145_unidentified	Fungi
F3155_unidentified	F3155_unidentified	Fungi
F3165_o_NA	F3165_o_NA	Fungi
F317_o_NA	F317_o_NA	Fungi
F3192_unidentified	F3192_unidentified	Fungi
F3197_o_NA	F3197_o_NA	Fungi
F32_Dimorphospora	F32_Dimorphospora	Fungi
F320_unidentified	F320_unidentified	Fungi
F3221_unidentified	F3221_unidentified	Fungi
F323_o_NA	F323_o_NA	Fungi
F3242_unidentified	F3242_unidentified	Fungi
F3243_f_Chaetomiaceae	F3243_f_Chaetomiaceae	Fungi
F3245_unidentified	F3245_unidentified	Fungi
F325_unidentified	F325_unidentified	Fungi
F3251_unidentified	F3251_unidentified	Fungi
F3252_o_NA	F3252_o_NA	Fungi
F3253_Ochroconis	F3253_Ochroconis	Fungi
F326_o_NA	F326_o_NA	Fungi
F3266_o_NA	F3266_o_NA	Fungi
F327_unidentified	F327_unidentified	Fungi
F3270_unidentified	F3270_unidentified	Fungi
F328_unidentified	F328_unidentified	Fungi
F3284_unidentified	F3284_unidentified	Fungi
F329_unidentified	F329_unidentified	Fungi
F33_Schizothecium	F33_Schizothecium	Fungi
F3305_o_NA	F3305_o_NA	Fungi
F3336_unidentified	F3336_unidentified	Fungi
F334_f_Didymellaceae	F334_f_Didymellaceae	Fungi
F335_unidentified	F335_unidentified	Fungi
F3363_Rhizophydium	F3363_Rhizophydium	Fungi
F3364_f_Stachybotryaceae	F3364_f_Stachybotryaceae	Fungi
F3368_unidentified	F3368_unidentified	Fungi
F338_Trichomerium	F338_Trichomerium	Fungi
F341_o_NA	F341_o_NA	Fungi
F3431_o_NA	F3431_o_NA	Fungi
F345_o_NA	F345_o_NA	Fungi
F3467_o_NA	F3467_o_NA	Fungi
F3486_unidentified	F3486_unidentified	Fungi
F3498_unidentified	F3498_unidentified	Fungi
F350_unidentified	F350_unidentified	Fungi
F3511_unidentified	F3511_unidentified	Fungi
F3531_o_NA	F3531_o_NA	Fungi
F354_o_NA	F354_o_NA	Fungi
F3543_o_NA	F3543_o_NA	Fungi
F356_Trichoderma	F356_Trichoderma	Fungi
F357_o_NA	F357_o_NA	Fungi
F358_o_NA	F358_o_NA	Fungi
F359_o_NA	F359_o_NA	Fungi
F36_Fusicolla	F36_Fusicolla	Fungi
F3600_Neobulgaria	F3600_Neobulgaria	Fungi
F3604_o_NA	F3604_o_NA	Fungi
F3619_unidentified	F3619_unidentified	Fungi
F3620_f_Aspergillaceae	F3620_f_Aspergillaceae	Fungi
F3625_unidentified	F3625_unidentified	Fungi
F3638_unidentified	F3638_unidentified	Fungi
F3644_o_NA	F3644_o_NA	Fungi
F3662_unidentified	F3662_unidentified	Fungi
F3670_unidentified	F3670_unidentified	Fungi
F3696_o_NA	F3696_o_NA	Fungi
F37_o_Hypocreales	F37_o_Hypocreales	Fungi
F3705_unidentified	F3705_unidentified	Fungi
F3710_unidentified	F3710_unidentified	Fungi
F3715_o_NA	F3715_o_NA	Fungi
F3763_unidentified	F3763_unidentified	Fungi
F3768_unidentified	F3768_unidentified	Fungi
F3773_unidentified	F3773_unidentified	Fungi
F3780_unidentified	F3780_unidentified	Fungi
F3794_unidentified	F3794_unidentified	Fungi
F38_Phaeosphaeria	F38_Phaeosphaeria	Fungi
F3802_unidentified	F3802_unidentified	Fungi
F3808_o_NA	F3808_o_NA	Fungi
F382_o_NA	F382_o_NA	Fungi
F3824_unidentified	F3824_unidentified	Fungi
F3826_unidentified	F3826_unidentified	Fungi
F3827_unidentified	F3827_unidentified	Fungi
F383_o_NA	F383_o_NA	Fungi
F3845_unidentified	F3845_unidentified	Fungi
F387_o_NA	F387_o_NA	Fungi
F388_o_NA	F388_o_NA	Fungi
F3886_unidentified	F3886_unidentified	Fungi
F3888_unidentified	F3888_unidentified	Fungi
F3893_unidentified	F3893_unidentified	Fungi
F39_Mrakiella	F39_Mrakiella	Fungi
F3929_o_NA	F3929_o_NA	Fungi
F3931_unidentified	F3931_unidentified	Fungi
F3936_o_NA	F3936_o_NA	Fungi
F3982_Talaromyces	F3982_Talaromyces	Fungi
F399_unidentified	F399_unidentified	Fungi
F3994_o_NA	F3994_o_NA	Fungi
F4_Pseudeurotium	F4_Pseudeurotium	Fungi
F40_o_NA	F40_o_NA	Fungi
F4050_o_NA	F4050_o_NA	Fungi
F4056_unidentified	F4056_unidentified	Fungi
F4083_unidentified	F4083_unidentified	Fungi
F4084_unidentified	F4084_unidentified	Fungi
F409_o_NA	F409_o_NA	Fungi
F4091_unidentified	F4091_unidentified	Fungi
F411_unidentified	F411_unidentified	Fungi
F4115_unidentified	F4115_unidentified	Fungi
F4121_unidentified	F4121_unidentified	Fungi
F4146_o_NA	F4146_o_NA	Fungi
F4166_unidentified	F4166_unidentified	Fungi
F4186_Trichomerium	F4186_Trichomerium	Fungi
F42_Arnium	F42_Arnium	Fungi
F420_o_NA	F420_o_NA	Fungi
F4208_o_NA	F4208_o_NA	Fungi
F4212_Geastrum	F4212_Geastrum	Fungi
F423_o_NA	F423_o_NA	Fungi
F4251_Coprinellus	F4251_Coprinellus	Fungi
F427_o_NA	F427_o_NA	Fungi
F430_o_NA	F430_o_NA	Fungi
F431_unidentified	F431_unidentified	Fungi
F4374_unidentified	F4374_unidentified	Fungi
F4392_unidentified	F4392_unidentified	Fungi
F4415_unidentified	F4415_unidentified	Fungi
F443_unidentified	F443_unidentified	Fungi
F4435_o_NA	F4435_o_NA	Fungi
F4468_unidentified	F4468_unidentified	Fungi
F447_o_NA	F447_o_NA	Fungi
F4479_unidentified	F4479_unidentified	Fungi
F448_o_NA	F448_o_NA	Fungi
F450_o_NA	F450_o_NA	Fungi
F4521_o_NA	F4521_o_NA	Fungi
F453_unidentified	F453_unidentified	Fungi
F454_Scedosporium	F454_Scedosporium	Fungi
F456_o_NA	F456_o_NA	Fungi
F4568_Scutellinia	F4568_Scutellinia	Fungi
F457_o_NA	F457_o_NA	Fungi
F4573_unidentified	F4573_unidentified	Fungi
F4590_unidentified	F4590_unidentified	Fungi
F4620_o_NA	F4620_o_NA	Fungi
F4650_o_NA	F4650_o_NA	Fungi
F466_f_Coniochaetaceae	F466_f_Coniochaetaceae	Fungi
F467_unidentified	F467_unidentified	Fungi
F4674_unidentified	F4674_unidentified	Fungi
F47_Schizothecium	F47_Schizothecium	Fungi
F472_unidentified	F472_unidentified	Fungi
F4764_unidentified	F4764_unidentified	Fungi
F4765_unidentified	F4765_unidentified	Fungi
F48_unidentified	F48_unidentified	Fungi
F483_o_NA	F483_o_NA	Fungi
F4835_o_NA	F4835_o_NA	Fungi
F484_Mortierella	F484_Mortierella	Fungi
F487_o_NA	F487_o_NA	Fungi
F4885_unidentified	F4885_unidentified	Fungi
F4895_unidentified	F4895_unidentified	Fungi
F4967_unidentified	F4967_unidentified	Fungi
F5_Schizothecium	F5_Schizothecium	Fungi
F50_Pseudogymnoascus	F50_Pseudogymnoascus	Fungi
F501_unidentified	F501_unidentified	Fungi
F502_Cyphellophora	F502_Cyphellophora	Fungi
F5031_unidentified	F5031_unidentified	Fungi
F5044_unidentified	F5044_unidentified	Fungi
F5082_unidentified	F5082_unidentified	Fungi
F511_o_NA	F511_o_NA	Fungi
F5119_unidentified	F5119_unidentified	Fungi
F513_unidentified	F513_unidentified	Fungi
F5175_o_NA	F5175_o_NA	Fungi
F518_f_Orbiliaceae	F518_f_Orbiliaceae	Fungi
F52_Acremonium	F52_Acremonium	Fungi
F5224_o_Helotiales	F5224_o_Helotiales	Fungi
F5242_unidentified	F5242_unidentified	Fungi
F5275_Mortierella	F5275_Mortierella	Fungi
F5286_unidentified	F5286_unidentified	Fungi
F529_o_NA	F529_o_NA	Fungi
F531_unidentified	F531_unidentified	Fungi
F533_o_Hypocreales	F533_o_Hypocreales	Fungi
F535_o_NA	F535_o_NA	Fungi
F5368_Cenococcum	F5368_Cenococcum	Fungi
F54_unidentified	F54_unidentified	Fungi
F541_Neobulgaria	F541_Neobulgaria	Fungi
F5466_unidentified	F5466_unidentified	Fungi
F5486_unidentified	F5486_unidentified	Fungi
F549_Vishniacozyma	F549_Vishniacozyma	Fungi
F55_o_NA	F55_o_NA	Fungi
F5526_o_Pleosporales	F5526_o_Pleosporales	Fungi
F5528_o_NA	F5528_o_NA	Fungi
F5535_o_NA	F5535_o_NA	Fungi
F5566_Papiliotrema	F5566_Papiliotrema	Fungi
F557_Paraphoma	F557_Paraphoma	Fungi
F5577_o_NA	F5577_o_NA	Fungi
F564_o_NA	F564_o_NA	Fungi
F5645_unidentified	F5645_unidentified	Fungi
F568_unidentified	F568_unidentified	Fungi
F569_Occultifur	F569_Occultifur	Fungi
F57_Saitozyma	F57_Saitozyma	Fungi
F572_o_NA	F572_o_NA	Fungi
F5756_unidentified	F5756_unidentified	Fungi
F578_o_NA	F578_o_NA	Fungi
F5795_unidentified	F5795_unidentified	Fungi
F58_unidentified	F58_unidentified	Fungi
F580_unidentified	F580_unidentified	Fungi
F5803_unidentified	F5803_unidentified	Fungi
F5811_unidentified	F5811_unidentified	Fungi
F5860_unidentified	F5860_unidentified	Fungi
F5927_unidentified	F5927_unidentified	Fungi
F5930_Pseudeurotium	F5930_Pseudeurotium	Fungi
F6_Pseudeurotium	F6_Pseudeurotium	Fungi
F60_Sordaria	F60_Sordaria	Fungi
F6036_unidentified	F6036_unidentified	Fungi
F604_o_NA	F604_o_NA	Fungi
F6051_unidentified	F6051_unidentified	Fungi
F6068_unidentified	F6068_unidentified	Fungi
F608_Mortierella	F608_Mortierella	Fungi
F6087_Talaromyces	F6087_Talaromyces	Fungi
F610_Mortierella	F610_Mortierella	Fungi
F6105_unidentified	F6105_unidentified	Fungi
F611_unidentified	F611_unidentified	Fungi
F612_unidentified	F612_unidentified	Fungi
F6121_unidentified	F6121_unidentified	Fungi
F614_unidentified	F614_unidentified	Fungi
F6150_o_NA	F6150_o_NA	Fungi
F6151_unidentified	F6151_unidentified	Fungi
F616_unidentified	F616_unidentified	Fungi
F622_unidentified	F622_unidentified	Fungi
F6227_unidentified	F6227_unidentified	Fungi
F624_Vishniacozyma	F624_Vishniacozyma	Fungi
F6242_unidentified	F6242_unidentified	Fungi
F628_unidentified	F628_unidentified	Fungi
F6283_Blastobotrys	F6283_Blastobotrys	Fungi
F629_unidentified	F629_unidentified	Fungi
F6297_unidentified	F6297_unidentified	Fungi
F63_o_NA	F63_o_NA	Fungi
F645_unidentified	F645_unidentified	Fungi
F646_o_NA	F646_o_NA	Fungi
F649_unidentified	F649_unidentified	Fungi
F6513_unidentified	F6513_unidentified	Fungi
F66_Arnium	F66_Arnium	Fungi
F6640_unidentified	F6640_unidentified	Fungi
F6696_unidentified	F6696_unidentified	Fungi
F6739_o_NA	F6739_o_NA	Fungi
F675_o_NA	F675_o_NA	Fungi
F676_unidentified	F676_unidentified	Fungi
F6773_unidentified	F6773_unidentified	Fungi
F678_unidentified	F678_unidentified	Fungi
F68_o_NA	F68_o_NA	Fungi
F684_Exophiala	F684_Exophiala	Fungi
F69_o_NA	F69_o_NA	Fungi
F691_o_NA	F691_o_NA	Fungi
F70_Mortierella	F70_Mortierella	Fungi
F7004_o_NA	F7004_o_NA	Fungi
F711_o_NA	F711_o_NA	Fungi
F72_o_NA	F72_o_NA	Fungi
F723_o_NA	F723_o_NA	Fungi
F724_Serendipita	F724_Serendipita	Fungi
F726_o_NA	F726_o_NA	Fungi
F73_Cyberlindnera	F73_Cyberlindnera	Fungi
F74_unidentified	F74_unidentified	Fungi
F741_Cladosporium	F741_Cladosporium	Fungi
F75_Pyrenochaetopsis	F75_Pyrenochaetopsis	Fungi
F750_unidentified	F750_unidentified	Fungi
F752_Scutellinia	F752_Scutellinia	Fungi
F76_f_Hyaloscyphaceae	F76_f_Hyaloscyphaceae	Fungi
F764_Leucosporidium	F764_Leucosporidium	Fungi
F77_unidentified	F77_unidentified	Fungi
F774_unidentified	F774_unidentified	Fungi
F776_o_Sordariales	F776_o_Sordariales	Fungi
F78_o_NA	F78_o_NA	Fungi
F79_Trichoderma	F79_Trichoderma	Fungi
F790_Udeniomyces	F790_Udeniomyces	Fungi
F794_Podospora	F794_Podospora	Fungi
F8_unidentified	F8_unidentified	Fungi
F80_o_Hypocreales	F80_o_Hypocreales	Fungi
F803_o_NA	F803_o_NA	Fungi
F804_unidentified	F804_unidentified	Fungi
F81_Schizothecium	F81_Schizothecium	Fungi
F811_unidentified	F811_unidentified	Fungi
F813_Paranamyces	F813_Paranamyces	Fungi
F814_o_NA	F814_o_NA	Fungi
F825_unidentified	F825_unidentified	Fungi
F827_unidentified	F827_unidentified	Fungi
F83_o_NA	F83_o_NA	Fungi
F832_o_NA	F832_o_NA	Fungi
F835_Scedosporium	F835_Scedosporium	Fungi
F84_o_NA	F84_o_NA	Fungi
F841_o_Polyporales	F841_o_Polyporales	Fungi
F848_Papiliotrema	F848_Papiliotrema	Fungi
F85_o_Sordariales	F85_o_Sordariales	Fungi
F853_unidentified	F853_unidentified	Fungi
F863_o_NA	F863_o_NA	Fungi
F866_unidentified	F866_unidentified	Fungi
F870_Dioszegia	F870_Dioszegia	Fungi
F88_unidentified	F88_unidentified	Fungi
F881_unidentified	F881_unidentified	Fungi
F882_Ganoderma	F882_Ganoderma	Fungi
F896_Saitozyma	F896_Saitozyma	Fungi
F9_o_NA	F9_o_NA	Fungi
F90_unidentified	F90_unidentified	Fungi
F913_o_NA	F913_o_NA	Fungi
F917_unidentified	F917_unidentified	Fungi
F93_o_NA	F93_o_NA	Fungi
F939_unidentified	F939_unidentified	Fungi
F94_f_Didymellaceae	F94_f_Didymellaceae	Fungi
F940_o_NA	F940_o_NA	Fungi
F949_Serendipita	F949_Serendipita	Fungi
F95_Phaeosphaeria	F95_Phaeosphaeria	Fungi
F957_unidentified	F957_unidentified	Fungi
F96_unidentified	F96_unidentified	Fungi
F961_unidentified	F961_unidentified	Fungi
F975_unidentified	F975_unidentified	Fungi
F98_f_Hypocreales_fam_Incertae_sedis	F98_f_Hypocreales_fam_Incertae_sedis	Fungi
F981_unidentified	F981_unidentified	Fungi
F984_o_NA	F984_o_NA	Fungi
F988_Penicillium	F988_Penicillium	Fungi
F99_f_Nectriaceae	F99_f_Nectriaceae	Fungi
F991_unidentified	F991_unidentified	Fungi
F994_unidentified	F994_unidentified	Fungi
