id	Label	kingdom
A1_unidentified archaeon	A1_unidentified archaeon	Archaea
A10_Methanosaeta	A10_Methanosaeta	Archaea
A106_uncultured euryarchaeote	A106_uncultured euryarchaeote	Archaea
A12_Methanobacterium	A12_Methanobacterium	Archaea
A13_Candidatus Methanoperedens	A13_Candidatus Methanoperedens	Archaea
A14_Candidatus Nitrosotalea	A14_Candidatus Nitrosotalea	Archaea
A143_uncultured euryarchaeote	A143_uncultured euryarchaeote	Archaea
A16_Candidatus Nitrocosmicus	A16_Candidatus Nitrocosmicus	Archaea
A176_Methanobacterium	A176_Methanobacterium	Archaea
A18_o_NA	A18_o_NA	Archaea
A189_uncultured euryarchaeote	A189_uncultured euryarchaeote	Archaea
A19_Methanocella	A19_Methanocella	Archaea
A20_Rice Cluster I	A20_Rice Cluster I	Archaea
A201_uncultured Thermoplasmatales archaeon	A201_uncultured Thermoplasmatales archaeon	Archaea
A203_uncultured euryarchaeote	A203_uncultured euryarchaeote	Archaea
A21_Methanosarcina	A21_Methanosarcina	Archaea
A23_uncultured methanogenic archaeon	A23_uncultured methanogenic archaeon	Archaea
A24_uncultured methanogenic archaeon	A24_uncultured methanogenic archaeon	Archaea
A277_uncultured archaeon	A277_uncultured archaeon	Archaea
A3_o_NA	A3_o_NA	Archaea
A30_Methanoregula	A30_Methanoregula	Archaea
A31_Methanosaeta	A31_Methanosaeta	Archaea
A32_o_NA	A32_o_NA	Archaea
A337_uncultured archaeon	A337_uncultured archaeon	Archaea
A37_Methanoregula	A37_Methanoregula	Archaea
A4_Methanosaeta	A4_Methanosaeta	Archaea
A43_uncultured euryarchaeote	A43_uncultured euryarchaeote	Archaea
A44_Methanosaeta	A44_Methanosaeta	Archaea
A46_Methanosaeta	A46_Methanosaeta	Archaea
A47_Methanobacterium	A47_Methanobacterium	Archaea
A49_o_NA	A49_o_NA	Archaea
A5_uncultured methanogenic archaeon	A5_uncultured methanogenic archaeon	Archaea
A53_uncultured euryarchaeote	A53_uncultured euryarchaeote	Archaea
A58_Methanobacterium	A58_Methanobacterium	Archaea
A59_Methanocella	A59_Methanocella	Archaea
A6_Candidatus Methanoperedens	A6_Candidatus Methanoperedens	Archaea
A61_Methanosaeta	A61_Methanosaeta	Archaea
A63_Methanosarcina	A63_Methanosarcina	Archaea
A66_Methanosaeta	A66_Methanosaeta	Archaea
A7_f_uncultured	A7_f_uncultured	Archaea
A71_uncultured methanogenic archaeon	A71_uncultured methanogenic archaeon	Archaea
A72_uncultured crenarchaeote	A72_uncultured crenarchaeote	Archaea
A75_o_NA	A75_o_NA	Archaea
A790_Candidatus Staskawiczbacteria bacterium RIFCSPHIGHO2_01_FULL_34_27	A790_Candidatus Staskawiczbacteria bacterium RIFCSPHIGHO2_01_FULL_34_27	Archaea
A8_Methanobacterium	A8_Methanobacterium	Archaea
A84_Candidatus Bathyarchaeota archaeon RBG_16_48_13	A84_Candidatus Bathyarchaeota archaeon RBG_16_48_13	Archaea
A89_Methanomassiliicoccus	A89_Methanomassiliicoccus	Archaea
A9_Methanoregula	A9_Methanoregula	Archaea
A92_Methanomassiliicoccus	A92_Methanomassiliicoccus	Archaea
A98_uncultured archaeon	A98_uncultured archaeon	Archaea
B1_uncultured prokaryote	B1_uncultured prokaryote	Bacteria
B10_f_Xanthobacteraceae	B10_f_Xanthobacteraceae	Bacteria
B100_Sphingomonas	B100_Sphingomonas	Bacteria
B10054_Candidatus Metachlamydia	B10054_Candidatus Metachlamydia	Bacteria
B1006_uncultured bacterium	B1006_uncultured bacterium	Bacteria
B1007_Subgroup 10	B1007_Subgroup 10	Bacteria
B1009_uncultured bacterium	B1009_uncultured bacterium	Bacteria
B101_o_S085	B101_o_S085	Bacteria
B1018_o_NA	B1018_o_NA	Bacteria
B102_f_Micrococcaceae	B102_f_Micrococcaceae	Bacteria
B1020_uncultured forest soil bacterium	B1020_uncultured forest soil bacterium	Bacteria
B1024_Mucilaginibacter	B1024_Mucilaginibacter	Bacteria
B1025_f_possible family 01	B1025_f_possible family 01	Bacteria
B103_Porphyrobacter	B103_Porphyrobacter	Bacteria
B1036_Conexibacter	B1036_Conexibacter	Bacteria
B104_f_uncultured	B104_f_uncultured	Bacteria
B1041_uncultured Streptomyces sp.	B1041_uncultured Streptomyces sp.	Bacteria
B1044_uncultured	B1044_uncultured	Bacteria
B10485_uncultured Acidobacterium sp.	B10485_uncultured Acidobacterium sp.	Bacteria
B1049_Candidatus Udaeobacter	B1049_Candidatus Udaeobacter	Bacteria
B1053_Gaiella	B1053_Gaiella	Bacteria
B10566_Aquicella	B10566_Aquicella	Bacteria
B1064_uncultured eubacterium WCHB1-50	B1064_uncultured eubacterium WCHB1-50	Bacteria
B1068_uncultured	B1068_uncultured	Bacteria
B107_f_Micrococcaceae	B107_f_Micrococcaceae	Bacteria
B1071_uncultured delta proteobacterium	B1071_uncultured delta proteobacterium	Bacteria
B1074_ADurb.Bin063-1	B1074_ADurb.Bin063-1	Bacteria
B1078_Flavisolibacter	B1078_Flavisolibacter	Bacteria
B10793_o_SBR1031	B10793_o_SBR1031	Bacteria
B108_uncultured prokaryote	B108_uncultured prokaryote	Bacteria
B1082_uncultured prokaryote	B1082_uncultured prokaryote	Bacteria
B1084_Clostridium sensu stricto 5	B1084_Clostridium sensu stricto 5	Bacteria
B1086_Anaeromyxobacter	B1086_Anaeromyxobacter	Bacteria
B1087_Thermoanaerobaculum	B1087_Thermoanaerobaculum	Bacteria
B1090_uncultured Caldilineaceae bacterium	B1090_uncultured Caldilineaceae bacterium	Bacteria
B1093_Nitrospira	B1093_Nitrospira	Bacteria
B1095_Candidatus Solibacter	B1095_Candidatus Solibacter	Bacteria
B1098_uncultured beta proteobacterium	B1098_uncultured beta proteobacterium	Bacteria
B11_f_SC-I-84	B11_f_SC-I-84	Bacteria
B110_Ellin6067	B110_Ellin6067	Bacteria
B1102_Bryobacter	B1102_Bryobacter	Bacteria
B11042_Singulisphaera	B11042_Singulisphaera	Bacteria
B11051_uncultured actinobacterium	B11051_uncultured actinobacterium	Bacteria
B1106_uncultured	B1106_uncultured	Bacteria
B1108_o_NA	B1108_o_NA	Bacteria
B1109_Arenimonas	B1109_Arenimonas	Bacteria
B111_uncultured delta proteobacterium	B111_uncultured delta proteobacterium	Bacteria
B1116_f_BIrii41	B1116_f_BIrii41	Bacteria
B11185_uncultured	B11185_uncultured	Bacteria
B1127_uncultured bacterium	B1127_uncultured bacterium	Bacteria
B1129_metagenome	B1129_metagenome	Bacteria
B113_uncultured Sphingobacteriales bacterium	B113_uncultured Sphingobacteriales bacterium	Bacteria
B11337_Bacillus	B11337_Bacillus	Bacteria
B1135_Ellin6067	B1135_Ellin6067	Bacteria
B1137_Syntrophobacter	B1137_Syntrophobacter	Bacteria
B115_f_Micrococcaceae	B115_f_Micrococcaceae	Bacteria
B1152_Anaerolinea	B1152_Anaerolinea	Bacteria
B1157_f_Xanthobacteraceae	B1157_f_Xanthobacteraceae	Bacteria
B116_Reyranella	B116_Reyranella	Bacteria
B11646_uncultured Acidobacteriales bacterium	B11646_uncultured Acidobacteriales bacterium	Bacteria
B1165_o_RBG-13-54-9	B1165_o_RBG-13-54-9	Bacteria
B11658_Chthonomonas	B11658_Chthonomonas	Bacteria
B1168_Desulfatiglans	B1168_Desulfatiglans	Bacteria
B1169_o_NA	B1169_o_NA	Bacteria
B117_uncultured Ferrimicrobium sp.	B117_uncultured Ferrimicrobium sp.	Bacteria
B1172_metagenome	B1172_metagenome	Bacteria
B1173_uncultured bacterium	B1173_uncultured bacterium	Bacteria
B1176_Candidatus Koribacter	B1176_Candidatus Koribacter	Bacteria
B1178_uncultured Chloroflexi bacterium	B1178_uncultured Chloroflexi bacterium	Bacteria
B118_Nitrospira	B118_Nitrospira	Bacteria
B1195_f_Archangiaceae	B1195_f_Archangiaceae	Bacteria
B11958_uncultured bacterium	B11958_uncultured bacterium	Bacteria
B11972_f_Polyangiaceae	B11972_f_Polyangiaceae	Bacteria
B12_GOUTA6	B12_GOUTA6	Bacteria
B120_uncultured Burkholderiaceae bacterium	B120_uncultured Burkholderiaceae bacterium	Bacteria
B1200_Hyphomicrobium	B1200_Hyphomicrobium	Bacteria
B121_f_SC-I-84	B121_f_SC-I-84	Bacteria
B1216_uncultured Planctomyces sp.	B1216_uncultured Planctomyces sp.	Bacteria
B1218_Pajaroellobacter	B1218_Pajaroellobacter	Bacteria
B1219_uncultured bacterium	B1219_uncultured bacterium	Bacteria
B122_Blastococcus	B122_Blastococcus	Bacteria
B1220_o_Subgroup 7	B1220_o_Subgroup 7	Bacteria
B1224_Nitrospira	B1224_Nitrospira	Bacteria
B123_Ellin6067	B123_Ellin6067	Bacteria
B1233_Sphingomonas	B1233_Sphingomonas	Bacteria
B1234_Syntrophus	B1234_Syntrophus	Bacteria
B1235_Bradyrhizobium	B1235_Bradyrhizobium	Bacteria
B1237_uncultured	B1237_uncultured	Bacteria
B124_Massilia	B124_Massilia	Bacteria
B1240_f_uncultured	B1240_f_uncultured	Bacteria
B125_uncultured	B125_uncultured	Bacteria
B1250_uncultured soil bacterium PRR-10	B1250_uncultured soil bacterium PRR-10	Bacteria
B126_Blastococcus	B126_Blastococcus	Bacteria
B1265_Geobacter	B1265_Geobacter	Bacteria
B127_Gemmatimonas	B127_Gemmatimonas	Bacteria
B1274_Roseomonas	B1274_Roseomonas	Bacteria
B128_Syntrophorhabdus	B128_Syntrophorhabdus	Bacteria
B1285_uncultured soil bacterium PRR-12	B1285_uncultured soil bacterium PRR-12	Bacteria
B129_f_Burkholderiaceae	B129_f_Burkholderiaceae	Bacteria
B1296_uncultured Syntrophobacteraceae bacterium	B1296_uncultured Syntrophobacteraceae bacterium	Bacteria
B13_Methylocystis	B13_Methylocystis	Bacteria
B130_uncultured	B130_uncultured	Bacteria
B1300_uncultured archaeon	B1300_uncultured archaeon	Bacteria
B1303_uncultured Hyphomicrobiaceae bacterium	B1303_uncultured Hyphomicrobiaceae bacterium	Bacteria
B1308_uncultured soil bacterium	B1308_uncultured soil bacterium	Bacteria
B1309_o_NA	B1309_o_NA	Bacteria
B131_Candidatus Solibacter	B131_Candidatus Solibacter	Bacteria
B1314_Leptolinea	B1314_Leptolinea	Bacteria
B1316_Subgroup 10	B1316_Subgroup 10	Bacteria
B132_uncultured bacterium	B132_uncultured bacterium	Bacteria
B1322_uncultured	B1322_uncultured	Bacteria
B133_uncultured Chloroflexi bacterium	B133_uncultured Chloroflexi bacterium	Bacteria
B1330_f_Sphingomonadaceae	B1330_f_Sphingomonadaceae	Bacteria
B134_Pseudolabrys	B134_Pseudolabrys	Bacteria
B1340_uncultured bacterium	B1340_uncultured bacterium	Bacteria
B1343_ADurb.Bin063-1	B1343_ADurb.Bin063-1	Bacteria
B135_Nakamurella	B135_Nakamurella	Bacteria
B1351_uncultured bacterium	B1351_uncultured bacterium	Bacteria
B1353_o_Myxococcales	B1353_o_Myxococcales	Bacteria
B1355_f_Ruminococcaceae	B1355_f_Ruminococcaceae	Bacteria
B1357_Anaerolinea	B1357_Anaerolinea	Bacteria
B136_f_SC-I-84	B136_f_SC-I-84	Bacteria
B1361_uncultured bacterium	B1361_uncultured bacterium	Bacteria
B1364_uncultured bacterium	B1364_uncultured bacterium	Bacteria
B1366_o_Betaproteobacteriales	B1366_o_Betaproteobacteriales	Bacteria
B137_uncultured	B137_uncultured	Bacteria
B1370_f_Pedosphaeraceae	B1370_f_Pedosphaeraceae	Bacteria
B1373_uncultured	B1373_uncultured	Bacteria
B138_f_Xanthobacteraceae	B138_f_Xanthobacteraceae	Bacteria
B139_uncultured Iamiaceae bacterium	B139_uncultured Iamiaceae bacterium	Bacteria
B1393_Nakamurella	B1393_Nakamurella	Bacteria
B1398_Leptolinea	B1398_Leptolinea	Bacteria
B14_uncultured Nitrospirae bacterium	B14_uncultured Nitrospirae bacterium	Bacteria
B140_Pseudolabrys	B140_Pseudolabrys	Bacteria
B1403_Anaeromyxobacter	B1403_Anaeromyxobacter	Bacteria
B1409_uncultured Dehalogenimonas sp.	B1409_uncultured Dehalogenimonas sp.	Bacteria
B141_f_uncultured	B141_f_uncultured	Bacteria
B1411_uncultured delta proteobacterium	B1411_uncultured delta proteobacterium	Bacteria
B1413_Subgroup 10	B1413_Subgroup 10	Bacteria
B142_uncultured Thermoflavimicrobium sp.	B142_uncultured Thermoflavimicrobium sp.	Bacteria
B1422_uncultured	B1422_uncultured	Bacteria
B1427_Thermoanaerobaculum	B1427_Thermoanaerobaculum	Bacteria
B143_Rhodanobacter	B143_Rhodanobacter	Bacteria
B144_f_Xanthobacteraceae	B144_f_Xanthobacteraceae	Bacteria
B1441_uncultured Lutispora sp.	B1441_uncultured Lutispora sp.	Bacteria
B1442_f_WD2101 soil group	B1442_f_WD2101 soil group	Bacteria
B1443_uncultured Caldilineaceae bacterium	B1443_uncultured Caldilineaceae bacterium	Bacteria
B1444_Aquicella	B1444_Aquicella	Bacteria
B1449_f_Rhodocyclaceae	B1449_f_Rhodocyclaceae	Bacteria
B1451_Paludibaculum	B1451_Paludibaculum	Bacteria
B1452_uncultured	B1452_uncultured	Bacteria
B146_uncultured Burkholderiaceae bacterium	B146_uncultured Burkholderiaceae bacterium	Bacteria
B1460_uncultured bacterium mle1-16	B1460_uncultured bacterium mle1-16	Bacteria
B1462_o_R7C24	B1462_o_R7C24	Bacteria
B1465_uncultured bacterium	B1465_uncultured bacterium	Bacteria
B1475_uncultured bacterium	B1475_uncultured bacterium	Bacteria
B1479_Anaeromyxobacter	B1479_Anaeromyxobacter	Bacteria
B148_uncultured bacterium SHD-71	B148_uncultured bacterium SHD-71	Bacteria
B1489_Spirochaeta 2	B1489_Spirochaeta 2	Bacteria
B149_uncultured Ferrimicrobium sp.	B149_uncultured Ferrimicrobium sp.	Bacteria
B1498_uncultured bacterium	B1498_uncultured bacterium	Bacteria
B15_Thiobacillus	B15_Thiobacillus	Bacteria
B1502_uncultured Catenulispora sp.	B1502_uncultured Catenulispora sp.	Bacteria
B1504_Hydrogenispora	B1504_Hydrogenispora	Bacteria
B1507_uncultured	B1507_uncultured	Bacteria
B151_uncultured Desulfovirga sp.	B151_uncultured Desulfovirga sp.	Bacteria
B1516_o_NA	B1516_o_NA	Bacteria
B152_uncultured prokaryote	B152_uncultured prokaryote	Bacteria
B1520_Rhodovastum	B1520_Rhodovastum	Bacteria
B1524_uncultured bacterium	B1524_uncultured bacterium	Bacteria
B1527_Clostridium sensu stricto 12	B1527_Clostridium sensu stricto 12	Bacteria
B153_uncultured bacterium	B153_uncultured bacterium	Bacteria
B1531_Gaiella sp. EBR4-RS1	B1531_Gaiella sp. EBR4-RS1	Bacteria
B1540_f_Pedosphaeraceae	B1540_f_Pedosphaeraceae	Bacteria
B1546_Geobacter	B1546_Geobacter	Bacteria
B1547_Flavobacterium	B1547_Flavobacterium	Bacteria
B1549_o_Myxococcales	B1549_o_Myxococcales	Bacteria
B155_Mycobacterium	B155_Mycobacterium	Bacteria
B1553_Aquicella	B1553_Aquicella	Bacteria
B156_Candidatus Solibacter	B156_Candidatus Solibacter	Bacteria
B1561_Desulforhabdus	B1561_Desulforhabdus	Bacteria
B1565_uncultured	B1565_uncultured	Bacteria
B157_o_RBG-13-54-9	B157_o_RBG-13-54-9	Bacteria
B1574_f_Anaerolineaceae	B1574_f_Anaerolineaceae	Bacteria
B1575_Roseomonas	B1575_Roseomonas	Bacteria
B1578_uncultured Desulfovirga sp.	B1578_uncultured Desulfovirga sp.	Bacteria
B158_f_uncultured	B158_f_uncultured	Bacteria
B159_f_Anaerolineaceae	B159_f_Anaerolineaceae	Bacteria
B16_Anaerolinea	B16_Anaerolinea	Bacteria
B160_uncultured	B160_uncultured	Bacteria
B1608_uncultured	B1608_uncultured	Bacteria
B1609_Geobacter	B1609_Geobacter	Bacteria
B161_o_NA	B161_o_NA	Bacteria
B1613_f_Pedosphaeraceae	B1613_f_Pedosphaeraceae	Bacteria
B1616_Phaselicystis	B1616_Phaselicystis	Bacteria
B162_Anaeromyxobacter	B162_Anaeromyxobacter	Bacteria
B1624_o_uncultured	B1624_o_uncultured	Bacteria
B1627_uncultured bacterium	B1627_uncultured bacterium	Bacteria
B163_uncultured Bellilinea sp.	B163_uncultured Bellilinea sp.	Bacteria
B164_GOUTB8	B164_GOUTB8	Bacteria
B1640_uncultured soil bacterium	B1640_uncultured soil bacterium	Bacteria
B1645_BSV13	B1645_BSV13	Bacteria
B166_uncultured bacterium	B166_uncultured bacterium	Bacteria
B1673_uncultured	B1673_uncultured	Bacteria
B1677_Geobacter	B1677_Geobacter	Bacteria
B1680_Ferribacterium	B1680_Ferribacterium	Bacteria
B1687_uncultured Gemmatimonadetes bacterium	B1687_uncultured Gemmatimonadetes bacterium	Bacteria
B169_Cryobacterium	B169_Cryobacterium	Bacteria
B1698_Syntrophobacter	B1698_Syntrophobacter	Bacteria
B170_uncultured Planctomycetales bacterium	B170_uncultured Planctomycetales bacterium	Bacteria
B1706_uncultured	B1706_uncultured	Bacteria
B171_Candidatus Koribacter	B171_Candidatus Koribacter	Bacteria
B1717_o_NA	B1717_o_NA	Bacteria
B172_Syntrophobacter	B172_Syntrophobacter	Bacteria
B1734_f_Burkholderiaceae	B1734_f_Burkholderiaceae	Bacteria
B174_f_uncultured	B174_f_uncultured	Bacteria
B1741_uncultured Caldilinea sp.	B1741_uncultured Caldilinea sp.	Bacteria
B176_Phenylobacterium	B176_Phenylobacterium	Bacteria
B1766_f_Burkholderiaceae	B1766_f_Burkholderiaceae	Bacteria
B177_Desulfobacca	B177_Desulfobacca	Bacteria
B178_Geobacter	B178_Geobacter	Bacteria
B1781_uncultured bacterium	B1781_uncultured bacterium	Bacteria
B179_Haliangium	B179_Haliangium	Bacteria
B1793_Candidatus Berkiella	B1793_Candidatus Berkiella	Bacteria
B180_Actinobacteria bacterium RBG_19FT_COMBO_70_19	B180_Actinobacteria bacterium RBG_19FT_COMBO_70_19	Bacteria
B181_f_SC-I-84	B181_f_SC-I-84	Bacteria
B1813_uncultured proteobacterium	B1813_uncultured proteobacterium	Bacteria
B182_f_uncultured	B182_f_uncultured	Bacteria
B1824_bacterium Ellin6515	B1824_bacterium Ellin6515	Bacteria
B1825_uncultured soil bacterium	B1825_uncultured soil bacterium	Bacteria
B183_f_uncultured	B183_f_uncultured	Bacteria
B184_Candidatus Nitrotoga	B184_Candidatus Nitrotoga	Bacteria
B185_f_Micrococcaceae	B185_f_Micrococcaceae	Bacteria
B1852_uncultured bacterium	B1852_uncultured bacterium	Bacteria
B1855_uncultured bacterium	B1855_uncultured bacterium	Bacteria
B1863_o_NA	B1863_o_NA	Bacteria
B187_Terrabacter	B187_Terrabacter	Bacteria
B1872_f_Solibacteraceae (Subgroup 3)	B1872_f_Solibacteraceae (Subgroup 3)	Bacteria
B1879_uncultured bacterium	B1879_uncultured bacterium	Bacteria
B188_Syntrophus	B188_Syntrophus	Bacteria
B1887_f_env.OPS 17	B1887_f_env.OPS 17	Bacteria
B189_metagenome	B189_metagenome	Bacteria
B1890_o_RBG-13-54-9	B1890_o_RBG-13-54-9	Bacteria
B1898_Plot4-2H12	B1898_Plot4-2H12	Bacteria
B1899_uncultured	B1899_uncultured	Bacteria
B19_uncultured soil bacterium	B19_uncultured soil bacterium	Bacteria
B190_Haliangium	B190_Haliangium	Bacteria
B191_MND1	B191_MND1	Bacteria
B1914_uncultured	B1914_uncultured	Bacteria
B1919_uncultured Acidobacterium sp.	B1919_uncultured Acidobacterium sp.	Bacteria
B192_f_Methylomonaceae	B192_f_Methylomonaceae	Bacteria
B1922_uncultured	B1922_uncultured	Bacteria
B193_Sideroxydans	B193_Sideroxydans	Bacteria
B1932_uncultured Prosthecobacter sp.	B1932_uncultured Prosthecobacter sp.	Bacteria
B194_uncultured	B194_uncultured	Bacteria
B1947_o_Betaproteobacteriales	B1947_o_Betaproteobacteriales	Bacteria
B1951_Pseudobacteroides	B1951_Pseudobacteroides	Bacteria
B1962_uncultured bacterium	B1962_uncultured bacterium	Bacteria
B197_uncultured proteobacterium	B197_uncultured proteobacterium	Bacteria
B1971_uncultured bacterium	B1971_uncultured bacterium	Bacteria
B1976_uncultured Nitrosomonadaceae bacterium	B1976_uncultured Nitrosomonadaceae bacterium	Bacteria
B1978_o_NA	B1978_o_NA	Bacteria
B1980_Cellulomonas	B1980_Cellulomonas	Bacteria
B1999_uncultured Planctomyces sp.	B1999_uncultured Planctomyces sp.	Bacteria
B2_uncultured prokaryote	B2_uncultured prokaryote	Bacteria
B20_metagenome	B20_metagenome	Bacteria
B200_o_Sva0485	B200_o_Sva0485	Bacteria
B2000_uncultured Anaerolineaceae bacterium	B2000_uncultured Anaerolineaceae bacterium	Bacteria
B2011_f_SB-5	B2011_f_SB-5	Bacteria
B2018_uncultured Acidobacteriaceae bacterium	B2018_uncultured Acidobacteriaceae bacterium	Bacteria
B202_Ignavibacterium	B202_Ignavibacterium	Bacteria
B2021_metagenome	B2021_metagenome	Bacteria
B203_uncultured Sorangiineae bacterium	B203_uncultured Sorangiineae bacterium	Bacteria
B2039_uncultured planctomycete	B2039_uncultured planctomycete	Bacteria
B2042_uncultured bacterium	B2042_uncultured bacterium	Bacteria
B2044_f_Nitrosomonadaceae	B2044_f_Nitrosomonadaceae	Bacteria
B2045_uncultured Acidobacterium sp.	B2045_uncultured Acidobacterium sp.	Bacteria
B2046_o_NA	B2046_o_NA	Bacteria
B205_uncultured	B205_uncultured	Bacteria
B2052_uncultured proteobacterium	B2052_uncultured proteobacterium	Bacteria
B206_Conexibacter	B206_Conexibacter	Bacteria
B207_o_NA	B207_o_NA	Bacteria
B2072_uncultured organism	B2072_uncultured organism	Bacteria
B2074_f_Burkholderiaceae	B2074_f_Burkholderiaceae	Bacteria
B2087_Subgroup 10	B2087_Subgroup 10	Bacteria
B209_uncultured Desulfuromonadales bacterium	B209_uncultured Desulfuromonadales bacterium	Bacteria
B2096_uncultured Banisveld landfill bacterium BVC56	B2096_uncultured Banisveld landfill bacterium BVC56	Bacteria
B2099_o_Aminicenantales	B2099_o_Aminicenantales	Bacteria
B21_f_Xanthobacteraceae	B21_f_Xanthobacteraceae	Bacteria
B210_Candidatus Solibacter	B210_Candidatus Solibacter	Bacteria
B211_f_SC-I-84	B211_f_SC-I-84	Bacteria
B212_f_SC-I-84	B212_f_SC-I-84	Bacteria
B2120_o_OPB56	B2120_o_OPB56	Bacteria
B213_f_SC-I-84	B213_f_SC-I-84	Bacteria
B2137_o_NA	B2137_o_NA	Bacteria
B2138_o_NA	B2138_o_NA	Bacteria
B214_Sulfurifustis	B214_Sulfurifustis	Bacteria
B2144_o_NA	B2144_o_NA	Bacteria
B2152_Anaeromyxobacter	B2152_Anaeromyxobacter	Bacteria
B216_uncultured	B216_uncultured	Bacteria
B2163_uncultured bacterium	B2163_uncultured bacterium	Bacteria
B2168_metagenome	B2168_metagenome	Bacteria
B2170_Rhodoferax	B2170_Rhodoferax	Bacteria
B2173_Anaeromyxobacter	B2173_Anaeromyxobacter	Bacteria
B2181_Ellin6067	B2181_Ellin6067	Bacteria
B2183_o_Betaproteobacteriales	B2183_o_Betaproteobacteriales	Bacteria
B22_uncultured bacterium	B22_uncultured bacterium	Bacteria
B220_Flavisolibacter	B220_Flavisolibacter	Bacteria
B2205_f_Acetobacteraceae	B2205_f_Acetobacteraceae	Bacteria
B221_Nocardioides	B221_Nocardioides	Bacteria
B2222_o_NA	B2222_o_NA	Bacteria
B223_uncultured proteobacterium	B223_uncultured proteobacterium	Bacteria
B224_uncultured prokaryote	B224_uncultured prokaryote	Bacteria
B2259_Nakamurella	B2259_Nakamurella	Bacteria
B226_metagenome	B226_metagenome	Bacteria
B227_Pajaroellobacter	B227_Pajaroellobacter	Bacteria
B2282_Massilia	B2282_Massilia	Bacteria
B2285_uncultured soil bacterium	B2285_uncultured soil bacterium	Bacteria
B2287_ADurb.Bin063-1	B2287_ADurb.Bin063-1	Bacteria
B2293_Rhodoferax	B2293_Rhodoferax	Bacteria
B2294_metagenome	B2294_metagenome	Bacteria
B23_uncultured	B23_uncultured	Bacteria
B230_uncultured bacterium mle1-16	B230_uncultured bacterium mle1-16	Bacteria
B2302_o_NA	B2302_o_NA	Bacteria
B231_Haliangium	B231_Haliangium	Bacteria
B233_Geobacter	B233_Geobacter	Bacteria
B234_Syntrophorhabdus	B234_Syntrophorhabdus	Bacteria
B235_Rhodanobacter	B235_Rhodanobacter	Bacteria
B2355_uncultured bacterium 259	B2355_uncultured bacterium 259	Bacteria
B236_o_RBG-13-54-9	B236_o_RBG-13-54-9	Bacteria
B2363_Gemmata	B2363_Gemmata	Bacteria
B2364_uncultured soil bacterium PBS-III-20	B2364_uncultured soil bacterium PBS-III-20	Bacteria
B2370_Bacteriovorax	B2370_Bacteriovorax	Bacteria
B238_f_uncultured	B238_f_uncultured	Bacteria
B2381_metagenome	B2381_metagenome	Bacteria
B239_f_uncultured	B239_f_uncultured	Bacteria
B240_uncultured Chloroflexi bacterium	B240_uncultured Chloroflexi bacterium	Bacteria
B241_Ferruginibacter	B241_Ferruginibacter	Bacteria
B2410_Coxiella	B2410_Coxiella	Bacteria
B2417_uncultured Chlorobi bacterium	B2417_uncultured Chlorobi bacterium	Bacteria
B242_Nakamurella	B242_Nakamurella	Bacteria
B244_o_NA	B244_o_NA	Bacteria
B2444_uncultured	B2444_uncultured	Bacteria
B2446_Anaerolinea	B2446_Anaerolinea	Bacteria
B2448_Desulfobulbus	B2448_Desulfobulbus	Bacteria
B2457_uncultured bacterium	B2457_uncultured bacterium	Bacteria
B246_uncultured Rhodocyclaceae bacterium	B246_uncultured Rhodocyclaceae bacterium	Bacteria
B2463_Subgroup 10	B2463_Subgroup 10	Bacteria
B247_Arenimonas	B247_Arenimonas	Bacteria
B2489_f_Archangiaceae	B2489_f_Archangiaceae	Bacteria
B2491_o_NA	B2491_o_NA	Bacteria
B25_f_SC-I-84	B25_f_SC-I-84	Bacteria
B250_o_NA	B250_o_NA	Bacteria
B2512_uncultured bacterium SJA-176	B2512_uncultured bacterium SJA-176	Bacteria
B253_Anaeromyxobacter	B253_Anaeromyxobacter	Bacteria
B2535_metagenome	B2535_metagenome	Bacteria
B254_Sh765B-TzT-35	B254_Sh765B-TzT-35	Bacteria
B2545_uncultured bacterium	B2545_uncultured bacterium	Bacteria
B255_uncultured	B255_uncultured	Bacteria
B256_Mesorhizobium	B256_Mesorhizobium	Bacteria
B2567_f_Intrasporangiaceae	B2567_f_Intrasporangiaceae	Bacteria
B2586_uncultured soil bacterium PBS-II-37	B2586_uncultured soil bacterium PBS-II-37	Bacteria
B259_Anaeromyxobacter	B259_Anaeromyxobacter	Bacteria
B2591_uncultured	B2591_uncultured	Bacteria
B2599_uncultured bacterium	B2599_uncultured bacterium	Bacteria
B260_Anaeromyxobacter	B260_Anaeromyxobacter	Bacteria
B2612_uncultured soil bacterium	B2612_uncultured soil bacterium	Bacteria
B262_Pseudomonas	B262_Pseudomonas	Bacteria
B264_Thiobacillus	B264_Thiobacillus	Bacteria
B265_uncultured eubacterium WCHB1-50	B265_uncultured eubacterium WCHB1-50	Bacteria
B267_uncultured Prosthecobacter sp.	B267_uncultured Prosthecobacter sp.	Bacteria
B2675_f_uncultured	B2675_f_uncultured	Bacteria
B2686_f_SB-5	B2686_f_SB-5	Bacteria
B269_Anaerolinea	B269_Anaerolinea	Bacteria
B2694_Spirochaeta 2	B2694_Spirochaeta 2	Bacteria
B271_Anaerolinea	B271_Anaerolinea	Bacteria
B2711_Angustibacter	B2711_Angustibacter	Bacteria
B272_uncultured Chlorobi bacterium	B272_uncultured Chlorobi bacterium	Bacteria
B2728_f_WD2101 soil group	B2728_f_WD2101 soil group	Bacteria
B273_uncultured bacterium	B273_uncultured bacterium	Bacteria
B275_uncultured	B275_uncultured	Bacteria
B2757_uncultured beta proteobacterium	B2757_uncultured beta proteobacterium	Bacteria
B2759_uncultured Gemmatimonadetes bacterium	B2759_uncultured Gemmatimonadetes bacterium	Bacteria
B276_Candidatus Koribacter	B276_Candidatus Koribacter	Bacteria
B2763_Anaeromyxobacter	B2763_Anaeromyxobacter	Bacteria
B277_Desulfatiglans	B277_Desulfatiglans	Bacteria
B2775_uncultured bacterium SJA-121	B2775_uncultured bacterium SJA-121	Bacteria
B278_f_Burkholderiaceae	B278_f_Burkholderiaceae	Bacteria
B2783_uncultured Spirochaetales bacterium	B2783_uncultured Spirochaetales bacterium	Bacteria
B2789_ADurb.Bin063-1	B2789_ADurb.Bin063-1	Bacteria
B279_f_Burkholderiaceae	B279_f_Burkholderiaceae	Bacteria
B2791_f_env.OPS 17	B2791_f_env.OPS 17	Bacteria
B2793_o_IMCC26256	B2793_o_IMCC26256	Bacteria
B2798_o_SBR1031	B2798_o_SBR1031	Bacteria
B28_Desulfobacca	B28_Desulfobacca	Bacteria
B280_Hyphomicrobium	B280_Hyphomicrobium	Bacteria
B2801_WCHB1-32	B2801_WCHB1-32	Bacteria
B2807_bacterium Ellin6515	B2807_bacterium Ellin6515	Bacteria
B2833_uncultured	B2833_uncultured	Bacteria
B284_uncultured prokaryote	B284_uncultured prokaryote	Bacteria
B2841_uncultured proteobacterium	B2841_uncultured proteobacterium	Bacteria
B286_uncultured	B286_uncultured	Bacteria
B287_uncultured planctomycete	B287_uncultured planctomycete	Bacteria
B2883_f_Bacteroidetes BD2-2	B2883_f_Bacteroidetes BD2-2	Bacteria
B289_uncultured bacterium	B289_uncultured bacterium	Bacteria
B2891_Candidatus Solibacter	B2891_Candidatus Solibacter	Bacteria
B2912_uncultured	B2912_uncultured	Bacteria
B292_f_BSV26	B292_f_BSV26	Bacteria
B2920_uncultured Myxococcales bacterium	B2920_uncultured Myxococcales bacterium	Bacteria
B2929_Candidatus Omnitrophus	B2929_Candidatus Omnitrophus	Bacteria
B293_o_NA	B293_o_NA	Bacteria
B294_uncultured	B294_uncultured	Bacteria
B2944_uncultured soil bacterium	B2944_uncultured soil bacterium	Bacteria
B295_uncultured prokaryote	B295_uncultured prokaryote	Bacteria
B296_IS-44	B296_IS-44	Bacteria
B2966_Bradyrhizobium	B2966_Bradyrhizobium	Bacteria
B2974_uncultured Holophaga sp.	B2974_uncultured Holophaga sp.	Bacteria
B298_uncultured organism	B298_uncultured organism	Bacteria
B299_uncultured	B299_uncultured	Bacteria
B2990_Anaeromyxobacter	B2990_Anaeromyxobacter	Bacteria
B2998_Zoogloea	B2998_Zoogloea	Bacteria
B3_uncultured prokaryote	B3_uncultured prokaryote	Bacteria
B30_Sphingomonas	B30_Sphingomonas	Bacteria
B300_mle1-7	B300_mle1-7	Bacteria
B3016_uncultured Acidobacteria bacterium	B3016_uncultured Acidobacteria bacterium	Bacteria
B3019_RB41	B3019_RB41	Bacteria
B302_Phycicoccus	B302_Phycicoccus	Bacteria
B304_f_UASB-TL25	B304_f_UASB-TL25	Bacteria
B3041_f_Acidobacteriaceae (Subgroup 1)	B3041_f_Acidobacteriaceae (Subgroup 1)	Bacteria
B3042_uncultured	B3042_uncultured	Bacteria
B3051_f_Ruminococcaceae	B3051_f_Ruminococcaceae	Bacteria
B307_Geobacter	B307_Geobacter	Bacteria
B309_uncultured Holophaga sp.	B309_uncultured Holophaga sp.	Bacteria
B31_metagenome	B31_metagenome	Bacteria
B3102_uncultured bacterium	B3102_uncultured bacterium	Bacteria
B3109_f_Anaerolineaceae	B3109_f_Anaerolineaceae	Bacteria
B312_Candidatus Udaeobacter	B312_Candidatus Udaeobacter	Bacteria
B3124_uncultured bacterium	B3124_uncultured bacterium	Bacteria
B3127_Actinobacteria bacterium CG2_30_50_142	B3127_Actinobacteria bacterium CG2_30_50_142	Bacteria
B313_uncultured bacterium	B313_uncultured bacterium	Bacteria
B3137_f_Burkholderiaceae	B3137_f_Burkholderiaceae	Bacteria
B3139_o_NA	B3139_o_NA	Bacteria
B3155_uncultured bacterium	B3155_uncultured bacterium	Bacteria
B316_uncultured soil bacterium	B316_uncultured soil bacterium	Bacteria
B3160_CL500-29 marine group	B3160_CL500-29 marine group	Bacteria
B317_uncultured bacterium	B317_uncultured bacterium	Bacteria
B318_uncultured bacterium SJA-22	B318_uncultured bacterium SJA-22	Bacteria
B3188_uncultured proteobacterium	B3188_uncultured proteobacterium	Bacteria
B319_Pseudomonas	B319_Pseudomonas	Bacteria
B3195_Geobacter	B3195_Geobacter	Bacteria
B32_o_OPB41	B32_o_OPB41	Bacteria
B320_Gemmatimonas	B320_Gemmatimonas	Bacteria
B3206_uncultured	B3206_uncultured	Bacteria
B321_o_NA	B321_o_NA	Bacteria
B322_o_SJA-15	B322_o_SJA-15	Bacteria
B3231_o_Betaproteobacteriales	B3231_o_Betaproteobacteriales	Bacteria
B3235_f_uncultured	B3235_f_uncultured	Bacteria
B324_f_SC-I-84	B324_f_SC-I-84	Bacteria
B3249_uncultured Gemmatimonadetes bacterium	B3249_uncultured Gemmatimonadetes bacterium	Bacteria
B326_f_Burkholderiaceae	B326_f_Burkholderiaceae	Bacteria
B3260_uncultured soil bacterium	B3260_uncultured soil bacterium	Bacteria
B328_Pedobacter	B328_Pedobacter	Bacteria
B3283_Candidatus Solibacter	B3283_Candidatus Solibacter	Bacteria
B329_Luteimonas	B329_Luteimonas	Bacteria
B33_uncultured	B33_uncultured	Bacteria
B330_uncultured Gemmatimonadetes bacterium	B330_uncultured Gemmatimonadetes bacterium	Bacteria
B3303_groundwater metagenome	B3303_groundwater metagenome	Bacteria
B3318_Leptolinea	B3318_Leptolinea	Bacteria
B332_uncultured bacterium	B332_uncultured bacterium	Bacteria
B3322_uncultured gamma proteobacterium	B3322_uncultured gamma proteobacterium	Bacteria
B333_Arenimonas	B333_Arenimonas	Bacteria
B334_Thermodesulfovibrio	B334_Thermodesulfovibrio	Bacteria
B3340_f_Desulfobulbaceae	B3340_f_Desulfobulbaceae	Bacteria
B3381_uncultured soil bacterium	B3381_uncultured soil bacterium	Bacteria
B3388_agricultural soil bacterium SC-I-11	B3388_agricultural soil bacterium SC-I-11	Bacteria
B339_o_RBG-13-54-9	B339_o_RBG-13-54-9	Bacteria
B3397_Anaerolinea	B3397_Anaerolinea	Bacteria
B34_f_Xanthobacteraceae	B34_f_Xanthobacteraceae	Bacteria
B340_o_Microtrichales	B340_o_Microtrichales	Bacteria
B341_Gaiella	B341_Gaiella	Bacteria
B3425_uncultured	B3425_uncultured	Bacteria
B3426_uncultured Acidobacterium sp.	B3426_uncultured Acidobacterium sp.	Bacteria
B343_uncultured	B343_uncultured	Bacteria
B344_uncultured prokaryote	B344_uncultured prokaryote	Bacteria
B345_Haliangium	B345_Haliangium	Bacteria
B3458_Clostridium sensu stricto 1	B3458_Clostridium sensu stricto 1	Bacteria
B3461_o_WCHB1-41	B3461_o_WCHB1-41	Bacteria
B3462_uncultured	B3462_uncultured	Bacteria
B348_f_Burkholderiaceae	B348_f_Burkholderiaceae	Bacteria
B35_uncultured Anaerolineaceae bacterium	B35_uncultured Anaerolineaceae bacterium	Bacteria
B350_uncultured	B350_uncultured	Bacteria
B351_Flavisolibacter	B351_Flavisolibacter	Bacteria
B352_Massilia	B352_Massilia	Bacteria
B3527_Phenylobacterium	B3527_Phenylobacterium	Bacteria
B353_uncultured bacterium	B353_uncultured bacterium	Bacteria
B355_uncultured	B355_uncultured	Bacteria
B3556_uncultured bacterium SJA-121	B3556_uncultured bacterium SJA-121	Bacteria
B356_f_P3OB-42	B356_f_P3OB-42	Bacteria
B3569_Candidatus Solibacter	B3569_Candidatus Solibacter	Bacteria
B357_o_NA	B357_o_NA	Bacteria
B3574_uncultured bacterium	B3574_uncultured bacterium	Bacteria
B358_uncultured	B358_uncultured	Bacteria
B3594_uncultured bacterium	B3594_uncultured bacterium	Bacteria
B360_Phenylobacterium	B360_Phenylobacterium	Bacteria
B3600_Pir3 lineage	B3600_Pir3 lineage	Bacteria
B362_uncultured	B362_uncultured	Bacteria
B363_uncultured bacterium	B363_uncultured bacterium	Bacteria
B365_o_uncultured	B365_o_uncultured	Bacteria
B3657_f_Fimbriimonadaceae	B3657_f_Fimbriimonadaceae	Bacteria
B3666_Lacunisphaera	B3666_Lacunisphaera	Bacteria
B368_Alsobacter	B368_Alsobacter	Bacteria
B37_uncultured	B37_uncultured	Bacteria
B371_uncultured	B371_uncultured	Bacteria
B373_Arenimonas	B373_Arenimonas	Bacteria
B3741_uncultured	B3741_uncultured	Bacteria
B3743_o_Chthonomonadales	B3743_o_Chthonomonadales	Bacteria
B375_BSV13	B375_BSV13	Bacteria
B3750_uncultured	B3750_uncultured	Bacteria
B376_uncultured Dehalogenimonas sp.	B376_uncultured Dehalogenimonas sp.	Bacteria
B377_Syntrophorhabdus	B377_Syntrophorhabdus	Bacteria
B378_Massilia	B378_Massilia	Bacteria
B3794_Paludibaculum	B3794_Paludibaculum	Bacteria
B3796_uncultured verrucomicrobium DEV008	B3796_uncultured verrucomicrobium DEV008	Bacteria
B38_uncultured Sphingobacteriales bacterium	B38_uncultured Sphingobacteriales bacterium	Bacteria
B381_Hyphomicrobium	B381_Hyphomicrobium	Bacteria
B382_f_Pedosphaeraceae	B382_f_Pedosphaeraceae	Bacteria
B383_Massilia	B383_Massilia	Bacteria
B385_uncultured	B385_uncultured	Bacteria
B386_o_SBR1031	B386_o_SBR1031	Bacteria
B3862_Syntrophobacter	B3862_Syntrophobacter	Bacteria
B3867_Geobacter	B3867_Geobacter	Bacteria
B388_Anaeromyxobacter	B388_Anaeromyxobacter	Bacteria
B3895_f_Fimbriimonadaceae	B3895_f_Fimbriimonadaceae	Bacteria
B39_f_Burkholderiaceae	B39_f_Burkholderiaceae	Bacteria
B3903_actinobacterium YJF1-30	B3903_actinobacterium YJF1-30	Bacteria
B391_uncultured Sorangiineae bacterium	B391_uncultured Sorangiineae bacterium	Bacteria
B392_Spirochaeta 2	B392_Spirochaeta 2	Bacteria
B3938_uncultured prokaryote	B3938_uncultured prokaryote	Bacteria
B394_o_MBNT15	B394_o_MBNT15	Bacteria
B395_f_uncultured	B395_f_uncultured	Bacteria
B3962_Armatimonadetes bacterium 55-13	B3962_Armatimonadetes bacterium 55-13	Bacteria
B397_Reyranella	B397_Reyranella	Bacteria
B4_uncultured	B4_uncultured	Bacteria
B401_uncultured prokaryote	B401_uncultured prokaryote	Bacteria
B4011_Bryobacter	B4011_Bryobacter	Bacteria
B402_uncultured prokaryote	B402_uncultured prokaryote	Bacteria
B4021_uncultured Gemmatimonadetes bacterium	B4021_uncultured Gemmatimonadetes bacterium	Bacteria
B403_Haliangium	B403_Haliangium	Bacteria
B404_o_Subgroup 2	B404_o_Subgroup 2	Bacteria
B405_uncultured	B405_uncultured	Bacteria
B4050_o_Betaproteobacteriales	B4050_o_Betaproteobacteriales	Bacteria
B406_uncultured prokaryote	B406_uncultured prokaryote	Bacteria
B408_uncultured Hyphomicrobiaceae bacterium	B408_uncultured Hyphomicrobiaceae bacterium	Bacteria
B4088_uncultured	B4088_uncultured	Bacteria
B41_f_Xanthobacteraceae	B41_f_Xanthobacteraceae	Bacteria
B410_uncultured	B410_uncultured	Bacteria
B412_uncultured	B412_uncultured	Bacteria
B413_uncultured	B413_uncultured	Bacteria
B4131_Methylotenera	B4131_Methylotenera	Bacteria
B414_uncultured Desulfovirga sp.	B414_uncultured Desulfovirga sp.	Bacteria
B415_Anaerolinea	B415_Anaerolinea	Bacteria
B416_Candidatus Solibacter	B416_Candidatus Solibacter	Bacteria
B417_o_NA	B417_o_NA	Bacteria
B4172_f_Lentimicrobiaceae	B4172_f_Lentimicrobiaceae	Bacteria
B419_uncultured Desulfuromonadales bacterium	B419_uncultured Desulfuromonadales bacterium	Bacteria
B4191_JSC-12	B4191_JSC-12	Bacteria
B4194_o_NA	B4194_o_NA	Bacteria
B42_f_Micrococcaceae	B42_f_Micrococcaceae	Bacteria
B4214_uncultured	B4214_uncultured	Bacteria
B4224_uncultured	B4224_uncultured	Bacteria
B4235_f_Isosphaeraceae	B4235_f_Isosphaeraceae	Bacteria
B424_uncultured	B424_uncultured	Bacteria
B425_uncultured eubacterium WCHB1-50	B425_uncultured eubacterium WCHB1-50	Bacteria
B427_uncultured Spirochaetales bacterium	B427_uncultured Spirochaetales bacterium	Bacteria
B4275_JSC-12	B4275_JSC-12	Bacteria
B428_o_NA	B428_o_NA	Bacteria
B4287_o_NA	B4287_o_NA	Bacteria
B4294_Singulisphaera	B4294_Singulisphaera	Bacteria
B43_Pseudolabrys	B43_Pseudolabrys	Bacteria
B4300_uncultured soil bacterium	B4300_uncultured soil bacterium	Bacteria
B4309_Pedosphaera	B4309_Pedosphaera	Bacteria
B431_o_RBG-13-54-9	B431_o_RBG-13-54-9	Bacteria
B432_uncultured Acidobacterium sp.	B432_uncultured Acidobacterium sp.	Bacteria
B4333_o_Betaproteobacteriales	B4333_o_Betaproteobacteriales	Bacteria
B436_f_Lentimicrobiaceae	B436_f_Lentimicrobiaceae	Bacteria
B4362_o_NA	B4362_o_NA	Bacteria
B437_Haliangium	B437_Haliangium	Bacteria
B439_uncultured	B439_uncultured	Bacteria
B4391_Novosphingobium	B4391_Novosphingobium	Bacteria
B44_uncultured Alkaliflexus sp.	B44_uncultured Alkaliflexus sp.	Bacteria
B4405_uncultured Acidobacteriales bacterium	B4405_uncultured Acidobacteriales bacterium	Bacteria
B441_Hydrogenispora	B441_Hydrogenispora	Bacteria
B442_uncultured	B442_uncultured	Bacteria
B443_metagenome	B443_metagenome	Bacteria
B445_uncultured Archangiaceae bacterium	B445_uncultured Archangiaceae bacterium	Bacteria
B4459_uncultured bacterium	B4459_uncultured bacterium	Bacteria
B446_uncultured delta proteobacterium	B446_uncultured delta proteobacterium	Bacteria
B449_uncultured bacterium 213	B449_uncultured bacterium 213	Bacteria
B4516_uncultured	B4516_uncultured	Bacteria
B4528_Coxiella	B4528_Coxiella	Bacteria
B453_uncultured bacterium	B453_uncultured bacterium	Bacteria
B455_uncultured bacterium	B455_uncultured bacterium	Bacteria
B456_uncultured bacterium 213	B456_uncultured bacterium 213	Bacteria
B4562_Marmoricola	B4562_Marmoricola	Bacteria
B458_uncultured Aminicenantes bacterium	B458_uncultured Aminicenantes bacterium	Bacteria
B459_uncultured Bellilinea sp.	B459_uncultured Bellilinea sp.	Bacteria
B46_Bryobacter	B46_Bryobacter	Bacteria
B462_f_Anaerolineaceae	B462_f_Anaerolineaceae	Bacteria
B464_uncultured	B464_uncultured	Bacteria
B4647_uncultured bacterium	B4647_uncultured bacterium	Bacteria
B4669_Bradyrhizobium	B4669_Bradyrhizobium	Bacteria
B4693_uncultured bacterium SHA-114	B4693_uncultured bacterium SHA-114	Bacteria
B4696_f_Holophagaceae	B4696_f_Holophagaceae	Bacteria
B470_f_uncultured	B470_f_uncultured	Bacteria
B4710_o_NA	B4710_o_NA	Bacteria
B472_alphaI cluster	B472_alphaI cluster	Bacteria
B474_Methylobacter	B474_Methylobacter	Bacteria
B475_metagenome	B475_metagenome	Bacteria
B4763_uncultured	B4763_uncultured	Bacteria
B48_uncultured prokaryote	B48_uncultured prokaryote	Bacteria
B480_Desulfobacca	B480_Desulfobacca	Bacteria
B481_Desulfomonile	B481_Desulfomonile	Bacteria
B482_Subgroup 10	B482_Subgroup 10	Bacteria
B4820_f_0319-6G20	B4820_f_0319-6G20	Bacteria
B4830_uncultured Kiritimatiellaeota bacterium	B4830_uncultured Kiritimatiellaeota bacterium	Bacteria
B486_f_Lentimicrobiaceae	B486_f_Lentimicrobiaceae	Bacteria
B487_f_Holophagaceae	B487_f_Holophagaceae	Bacteria
B489_f_Gallionellaceae	B489_f_Gallionellaceae	Bacteria
B4892_f_uncultured	B4892_f_uncultured	Bacteria
B49_uncultured prokaryote	B49_uncultured prokaryote	Bacteria
B490_f_Acidobacteriaceae (Subgroup 1)	B490_f_Acidobacteriaceae (Subgroup 1)	Bacteria
B4904_uncultured bacterium 259	B4904_uncultured bacterium 259	Bacteria
B491_Sideroxydans	B491_Sideroxydans	Bacteria
B4926_f_Pedosphaeraceae	B4926_f_Pedosphaeraceae	Bacteria
B493_o_uncultured	B493_o_uncultured	Bacteria
B4934_WCHB1-32	B4934_WCHB1-32	Bacteria
B4948_Bdellovibrio	B4948_Bdellovibrio	Bacteria
B495_o_Betaproteobacteriales	B495_o_Betaproteobacteriales	Bacteria
B496_f_uncultured	B496_f_uncultured	Bacteria
B4963_Crenothrix	B4963_Crenothrix	Bacteria
B497_uncultured	B497_uncultured	Bacteria
B499_f_Solibacteraceae (Subgroup 3)	B499_f_Solibacteraceae (Subgroup 3)	Bacteria
B5_Sideroxydans	B5_Sideroxydans	Bacteria
B5022_f_Ruminococcaceae	B5022_f_Ruminococcaceae	Bacteria
B5039_o_Chthonomonadales	B5039_o_Chthonomonadales	Bacteria
B505_f_Micromonosporaceae	B505_f_Micromonosporaceae	Bacteria
B5056_Armatimonadetes bacterium 55-13	B5056_Armatimonadetes bacterium 55-13	Bacteria
B506_uncultured	B506_uncultured	Bacteria
B507_Bryobacter	B507_Bryobacter	Bacteria
B5083_uncultured bacterium	B5083_uncultured bacterium	Bacteria
B5086_Candidatus Udaeobacter	B5086_Candidatus Udaeobacter	Bacteria
B509_o_Myxococcales	B509_o_Myxococcales	Bacteria
B51_f_uncultured	B51_f_uncultured	Bacteria
B510_Candidatus Solibacter	B510_Candidatus Solibacter	Bacteria
B512_uncultured bacterium	B512_uncultured bacterium	Bacteria
B5129_uncultured bacterium	B5129_uncultured bacterium	Bacteria
B5136_f_B1-7BS	B5136_f_B1-7BS	Bacteria
B5186_o_Sva0485	B5186_o_Sva0485	Bacteria
B52_RBG-16-58-14	B52_RBG-16-58-14	Bacteria
B522_Geothrix	B522_Geothrix	Bacteria
B524_o_RBG-13-54-9	B524_o_RBG-13-54-9	Bacteria
B525_Ferruginibacter	B525_Ferruginibacter	Bacteria
B526_uncultured forest soil bacterium	B526_uncultured forest soil bacterium	Bacteria
B527_uncultured prokaryote	B527_uncultured prokaryote	Bacteria
B528_RBG-16-58-14	B528_RBG-16-58-14	Bacteria
B529_Fodinicola	B529_Fodinicola	Bacteria
B53_Geobacter	B53_Geobacter	Bacteria
B534_uncultured bacterium	B534_uncultured bacterium	Bacteria
B536_mle1-7	B536_mle1-7	Bacteria
B5360_Spirochaeta 2	B5360_Spirochaeta 2	Bacteria
B538_Nocardioides	B538_Nocardioides	Bacteria
B539_o_Subgroup 13	B539_o_Subgroup 13	Bacteria
B54_Oryzihumus	B54_Oryzihumus	Bacteria
B540_Geobacter	B540_Geobacter	Bacteria
B541_Chthonomonas	B541_Chthonomonas	Bacteria
B542_uncultured	B542_uncultured	Bacteria
B5459_uncultured soil bacterium	B5459_uncultured soil bacterium	Bacteria
B546_Clostridium sensu stricto 1	B546_Clostridium sensu stricto 1	Bacteria
B547_ADurb.Bin063-1	B547_ADurb.Bin063-1	Bacteria
B5480_Pedosphaera	B5480_Pedosphaera	Bacteria
B549_uncultured soil bacterium	B549_uncultured soil bacterium	Bacteria
B55_Thiobacillus	B55_Thiobacillus	Bacteria
B551_Gaiella	B551_Gaiella	Bacteria
B552_uncultured bacterium	B552_uncultured bacterium	Bacteria
B555_Pseudolabrys	B555_Pseudolabrys	Bacteria
B558_o_SBR1031	B558_o_SBR1031	Bacteria
B559_o_NA	B559_o_NA	Bacteria
B56_uncultured prokaryote	B56_uncultured prokaryote	Bacteria
B5602_uncultured Chlorobi bacterium	B5602_uncultured Chlorobi bacterium	Bacteria
B5619_uncultured Caldilineaceae bacterium	B5619_uncultured Caldilineaceae bacterium	Bacteria
B5633_uncultured	B5633_uncultured	Bacteria
B564_Pseudomonas	B564_Pseudomonas	Bacteria
B568_o_Gaiellales	B568_o_Gaiellales	Bacteria
B569_uncultured Chlorobi bacterium	B569_uncultured Chlorobi bacterium	Bacteria
B57_Conexibacter	B57_Conexibacter	Bacteria
B570_uncultured Conexibacter sp.	B570_uncultured Conexibacter sp.	Bacteria
B571_uncultured	B571_uncultured	Bacteria
B572_f_Blastocatellaceae	B572_f_Blastocatellaceae	Bacteria
B575_f_A4b	B575_f_A4b	Bacteria
B579_uncultured bacterium	B579_uncultured bacterium	Bacteria
B58_uncultured Thermoflavimicrobium sp.	B58_uncultured Thermoflavimicrobium sp.	Bacteria
B5824_uncultured	B5824_uncultured	Bacteria
B5825_o_NA	B5825_o_NA	Bacteria
B583_Polaromonas	B583_Polaromonas	Bacteria
B587_bacterium Ellin7530	B587_bacterium Ellin7530	Bacteria
B589_uncultured prokaryote	B589_uncultured prokaryote	Bacteria
B59_f_Intrasporangiaceae	B59_f_Intrasporangiaceae	Bacteria
B592_uncultured bacterium	B592_uncultured bacterium	Bacteria
B594_metagenome	B594_metagenome	Bacteria
B595_uncultured bacterium 5G12	B595_uncultured bacterium 5G12	Bacteria
B5960_uncultured Sphaerobacter sp.	B5960_uncultured Sphaerobacter sp.	Bacteria
B5962_o_NA	B5962_o_NA	Bacteria
B598_Clostridium sensu stricto 13	B598_Clostridium sensu stricto 13	Bacteria
B599_Bryobacter	B599_Bryobacter	Bacteria
B6_Terrabacter	B6_Terrabacter	Bacteria
B60_uncultured bacterium	B60_uncultured bacterium	Bacteria
B600_uncultured	B600_uncultured	Bacteria
B601_f_Nocardioidaceae	B601_f_Nocardioidaceae	Bacteria
B602_Pseudolabrys	B602_Pseudolabrys	Bacteria
B603_o_MBNT15	B603_o_MBNT15	Bacteria
B604_uncultured soil bacterium	B604_uncultured soil bacterium	Bacteria
B607_uncultured bacterium	B607_uncultured bacterium	Bacteria
B609_uncultured candidate division OS-K bacterium	B609_uncultured candidate division OS-K bacterium	Bacteria
B61_Ellin6067	B61_Ellin6067	Bacteria
B6105_uncultured bacterium	B6105_uncultured bacterium	Bacteria
B6106_uncultured bacterium	B6106_uncultured bacterium	Bacteria
B614_ADurb.Bin063-1	B614_ADurb.Bin063-1	Bacteria
B615_Desulfomonile	B615_Desulfomonile	Bacteria
B619_o_NA	B619_o_NA	Bacteria
B62_Mycobacterium	B62_Mycobacterium	Bacteria
B620_uncultured proteobacterium	B620_uncultured proteobacterium	Bacteria
B622_uncultured planctomycete	B622_uncultured planctomycete	Bacteria
B623_uncultured Prosthecobacter sp.	B623_uncultured Prosthecobacter sp.	Bacteria
B624_f_uncultured	B624_f_uncultured	Bacteria
B6269_Caulobacter	B6269_Caulobacter	Bacteria
B627_Ellin6067	B627_Ellin6067	Bacteria
B6275_f_WD2101 soil group	B6275_f_WD2101 soil group	Bacteria
B628_ADurb.Bin063-1	B628_ADurb.Bin063-1	Bacteria
B630_Candidatus Solibacter	B630_Candidatus Solibacter	Bacteria
B631_f_uncultured	B631_f_uncultured	Bacteria
B6322_o_SBR1031	B6322_o_SBR1031	Bacteria
B637_uncultured	B637_uncultured	Bacteria
B638_alphaI cluster	B638_alphaI cluster	Bacteria
B639_uncultured prokaryote	B639_uncultured prokaryote	Bacteria
B64_uncultured bacterium 213	B64_uncultured bacterium 213	Bacteria
B6408_Azospirillum	B6408_Azospirillum	Bacteria
B641_f_Fimbriimonadaceae	B641_f_Fimbriimonadaceae	Bacteria
B642_f_Intrasporangiaceae	B642_f_Intrasporangiaceae	Bacteria
B643_GOUTA6	B643_GOUTA6	Bacteria
B648_Anaeromyxobacter	B648_Anaeromyxobacter	Bacteria
B649_f_SC-I-84	B649_f_SC-I-84	Bacteria
B6495_uncultured bacterium	B6495_uncultured bacterium	Bacteria
B65_Ellin6067	B65_Ellin6067	Bacteria
B6500_f_Burkholderiaceae	B6500_f_Burkholderiaceae	Bacteria
B651_uncultured soil bacterium	B651_uncultured soil bacterium	Bacteria
B652_f_Solibacteraceae (Subgroup 3)	B652_f_Solibacteraceae (Subgroup 3)	Bacteria
B6529_o_Myxococcales	B6529_o_Myxococcales	Bacteria
B654_uncultured	B654_uncultured	Bacteria
B655_f_Burkholderiaceae	B655_f_Burkholderiaceae	Bacteria
B656_o_NA	B656_o_NA	Bacteria
B657_Blastococcus	B657_Blastococcus	Bacteria
B658_f_Acetobacteraceae	B658_f_Acetobacteraceae	Bacteria
B66_uncultured	B66_uncultured	Bacteria
B663_Arenimonas	B663_Arenimonas	Bacteria
B6670_Actinobacteria bacterium CG2_30_50_142	B6670_Actinobacteria bacterium CG2_30_50_142	Bacteria
B668_o_NA	B668_o_NA	Bacteria
B669_Marmoricola	B669_Marmoricola	Bacteria
B67_uncultured	B67_uncultured	Bacteria
B670_Blastococcus	B670_Blastococcus	Bacteria
B673_Jatrophihabitans	B673_Jatrophihabitans	Bacteria
B6762_o_MVP-88	B6762_o_MVP-88	Bacteria
B677_Gemmatimonas	B677_Gemmatimonas	Bacteria
B678_f_Burkholderiaceae	B678_f_Burkholderiaceae	Bacteria
B679_OLB12	B679_OLB12	Bacteria
B68_Noviherbaspirillum	B68_Noviherbaspirillum	Bacteria
B680_Massilia	B680_Massilia	Bacteria
B6837_Ferribacterium	B6837_Ferribacterium	Bacteria
B684_o_NA	B684_o_NA	Bacteria
B686_Ferritrophicum	B686_Ferritrophicum	Bacteria
B688_uncultured Planctomyces sp.	B688_uncultured Planctomyces sp.	Bacteria
B6887_uncultured bacterium	B6887_uncultured bacterium	Bacteria
B69_o_SJA-15	B69_o_SJA-15	Bacteria
B691_o_Microtrichales	B691_o_Microtrichales	Bacteria
B692_uncultured	B692_uncultured	Bacteria
B693_uncultured bacterium	B693_uncultured bacterium	Bacteria
B696_o_NA	B696_o_NA	Bacteria
B6984_uncultured	B6984_uncultured	Bacteria
B6989_uncultured prokaryote	B6989_uncultured prokaryote	Bacteria
B7_f_Micrococcaceae	B7_f_Micrococcaceae	Bacteria
B700_o_NA	B700_o_NA	Bacteria
B7002_Ellin6067	B7002_Ellin6067	Bacteria
B702_Reyranella	B702_Reyranella	Bacteria
B706_uncultured proteobacterium	B706_uncultured proteobacterium	Bacteria
B7065_Haliangium	B7065_Haliangium	Bacteria
B707_f_BIrii41	B707_f_BIrii41	Bacteria
B7095_Syntrophorhabdus	B7095_Syntrophorhabdus	Bacteria
B71_Syntrophobacter	B71_Syntrophobacter	Bacteria
B710_Arenimonas	B710_Arenimonas	Bacteria
B713_uncultured eubacterium WCHB1-50	B713_uncultured eubacterium WCHB1-50	Bacteria
B7134_f_Rhodocyclaceae	B7134_f_Rhodocyclaceae	Bacteria
B7144_uncultured Elusimicrobia bacterium	B7144_uncultured Elusimicrobia bacterium	Bacteria
B718_o_MBNT15	B718_o_MBNT15	Bacteria
B7181_uncultured	B7181_uncultured	Bacteria
B72_Desulfobacca	B72_Desulfobacca	Bacteria
B721_Pseudolabrys	B721_Pseudolabrys	Bacteria
B7216_Candidatus Solibacter	B7216_Candidatus Solibacter	Bacteria
B722_Haliangium	B722_Haliangium	Bacteria
B723_uncultured soil bacterium	B723_uncultured soil bacterium	Bacteria
B7237_f_Leptolyngbyaceae	B7237_f_Leptolyngbyaceae	Bacteria
B724_uncultured bacterium	B724_uncultured bacterium	Bacteria
B728_Sandaracinus	B728_Sandaracinus	Bacteria
B7299_o_Myxococcales	B7299_o_Myxococcales	Bacteria
B73_o_NA	B73_o_NA	Bacteria
B734_ADurb.Bin063-1	B734_ADurb.Bin063-1	Bacteria
B737_uncultured	B737_uncultured	Bacteria
B738_uncultured soil bacterium	B738_uncultured soil bacterium	Bacteria
B739_uncultured bacterium	B739_uncultured bacterium	Bacteria
B74_o_NA	B74_o_NA	Bacteria
B7407_o_NA	B7407_o_NA	Bacteria
B743_o_Microtrichales	B743_o_Microtrichales	Bacteria
B7442_Paenibacillus	B7442_Paenibacillus	Bacteria
B7453_Anaerobacterium	B7453_Anaerobacterium	Bacteria
B746_Candidatus Udaeobacter	B746_Candidatus Udaeobacter	Bacteria
B7468_o_Subgroup 7	B7468_o_Subgroup 7	Bacteria
B748_Pirellula	B748_Pirellula	Bacteria
B7503_Neochlamydia	B7503_Neochlamydia	Bacteria
B751_CL500-29 marine group	B751_CL500-29 marine group	Bacteria
B752_metagenome	B752_metagenome	Bacteria
B7521_uncultured	B7521_uncultured	Bacteria
B753_Mycobacterium	B753_Mycobacterium	Bacteria
B759_uncultured bacterium	B759_uncultured bacterium	Bacteria
B7597_o_MBNT15	B7597_o_MBNT15	Bacteria
B76_o_NA	B76_o_NA	Bacteria
B762_uncultured Acidobacteria bacterium	B762_uncultured Acidobacteria bacterium	Bacteria
B764_uncultured bacterium SJA-22	B764_uncultured bacterium SJA-22	Bacteria
B765_f_uncultured	B765_f_uncultured	Bacteria
B766_Syntrophobacter	B766_Syntrophobacter	Bacteria
B7666_Aquicella	B7666_Aquicella	Bacteria
B77_Candidatus Nitrotoga	B77_Candidatus Nitrotoga	Bacteria
B7731_uncultured bacterium KF-JG30-B11	B7731_uncultured bacterium KF-JG30-B11	Bacteria
B7738_Bryobacter	B7738_Bryobacter	Bacteria
B775_uncultured prokaryote	B775_uncultured prokaryote	Bacteria
B78_f_Anaerolineaceae	B78_f_Anaerolineaceae	Bacteria
B780_f_uncultured	B780_f_uncultured	Bacteria
B781_o_Acidobacteriales	B781_o_Acidobacteriales	Bacteria
B785_Bacteriovorax	B785_Bacteriovorax	Bacteria
B788_Leptolinea	B788_Leptolinea	Bacteria
B79_f_SC-I-84	B79_f_SC-I-84	Bacteria
B790_uncultured Sphingobacteriales bacterium	B790_uncultured Sphingobacteriales bacterium	Bacteria
B791_RBG-16-58-14	B791_RBG-16-58-14	Bacteria
B7923_Coxiella	B7923_Coxiella	Bacteria
B798_o_RBG-13-54-9	B798_o_RBG-13-54-9	Bacteria
B8_Luteimonas	B8_Luteimonas	Bacteria
B80_ADurb.Bin063-1	B80_ADurb.Bin063-1	Bacteria
B8018_metagenome	B8018_metagenome	Bacteria
B8045_Candidatus Berkiella	B8045_Candidatus Berkiella	Bacteria
B805_Rhodoblastus	B805_Rhodoblastus	Bacteria
B806_o_NA	B806_o_NA	Bacteria
B809_o_NA	B809_o_NA	Bacteria
B81_Pajaroellobacter	B81_Pajaroellobacter	Bacteria
B810_f_uncultured	B810_f_uncultured	Bacteria
B811_Phaeodactylibacter	B811_Phaeodactylibacter	Bacteria
B816_o_NA	B816_o_NA	Bacteria
B817_uncultured soil bacterium	B817_uncultured soil bacterium	Bacteria
B82_ADurb.Bin063-1	B82_ADurb.Bin063-1	Bacteria
B820_f_uncultured	B820_f_uncultured	Bacteria
B821_uncultured bacterium	B821_uncultured bacterium	Bacteria
B822_uncultured Termite group 1 bacterium	B822_uncultured Termite group 1 bacterium	Bacteria
B823_o_OPB41	B823_o_OPB41	Bacteria
B824_uncultured	B824_uncultured	Bacteria
B825_Ignavibacterium	B825_Ignavibacterium	Bacteria
B826_f_BSV26	B826_f_BSV26	Bacteria
B8268_uncultured	B8268_uncultured	Bacteria
B8273_uncultured bacterium	B8273_uncultured bacterium	Bacteria
B828_uncultured	B828_uncultured	Bacteria
B8290_o_NA	B8290_o_NA	Bacteria
B831_f_Burkholderiaceae	B831_f_Burkholderiaceae	Bacteria
B8333_Candidatus Solibacter	B8333_Candidatus Solibacter	Bacteria
B834_o_NA	B834_o_NA	Bacteria
B835_uncultured bacterium	B835_uncultured bacterium	Bacteria
B839_uncultured	B839_uncultured	Bacteria
B84_uncultured Syntrophaceae bacterium	B84_uncultured Syntrophaceae bacterium	Bacteria
B840_uncultured bacterium	B840_uncultured bacterium	Bacteria
B8449_uncultured bacterium SJA-121	B8449_uncultured bacterium SJA-121	Bacteria
B849_Clostridium sensu stricto 13	B849_Clostridium sensu stricto 13	Bacteria
B85_o_Subgroup 7	B85_o_Subgroup 7	Bacteria
B850_uncultured	B850_uncultured	Bacteria
B851_Phenylobacterium	B851_Phenylobacterium	Bacteria
B8511_uncultured Acidobacterium sp.	B8511_uncultured Acidobacterium sp.	Bacteria
B852_Cryobacterium	B852_Cryobacterium	Bacteria
B857_Anaerolinea	B857_Anaerolinea	Bacteria
B858_uncultured Anaerolineaceae bacterium	B858_uncultured Anaerolineaceae bacterium	Bacteria
B86_Gemmatimonas	B86_Gemmatimonas	Bacteria
B860_metagenome	B860_metagenome	Bacteria
B8620_Syntrophus	B8620_Syntrophus	Bacteria
B863_uncultured bacterium	B863_uncultured bacterium	Bacteria
B865_f_Burkholderiaceae	B865_f_Burkholderiaceae	Bacteria
B8663_Clostridiales bacterium PH28_bin88	B8663_Clostridiales bacterium PH28_bin88	Bacteria
B868_uncultured Caldilineaceae bacterium	B868_uncultured Caldilineaceae bacterium	Bacteria
B8712_Coxiella	B8712_Coxiella	Bacteria
B875_uncultured bacterium	B875_uncultured bacterium	Bacteria
B8784_Coxiella	B8784_Coxiella	Bacteria
B88_o_NA	B88_o_NA	Bacteria
B8819_uncultured bacterium mle1-16	B8819_uncultured bacterium mle1-16	Bacteria
B882_Subgroup 10	B882_Subgroup 10	Bacteria
B883_uncultured soil bacterium PBS-III-30	B883_uncultured soil bacterium PBS-III-30	Bacteria
B888_f_Bacteroidetes vadinHA17	B888_f_Bacteroidetes vadinHA17	Bacteria
B889_uncultured bacterium	B889_uncultured bacterium	Bacteria
B89_f_Gallionellaceae	B89_f_Gallionellaceae	Bacteria
B890_f_Desulfobulbaceae	B890_f_Desulfobulbaceae	Bacteria
B891_uncultured delta proteobacterium	B891_uncultured delta proteobacterium	Bacteria
B896_uncultured	B896_uncultured	Bacteria
B9_f_Rhodanobacteraceae	B9_f_Rhodanobacteraceae	Bacteria
B90_uncultured	B90_uncultured	Bacteria
B91_RBG-16-58-14	B91_RBG-16-58-14	Bacteria
B9116_metagenome	B9116_metagenome	Bacteria
B913_f_BSV26	B913_f_BSV26	Bacteria
B916_uncultured Holophaga sp.	B916_uncultured Holophaga sp.	Bacteria
B919_uncultured bacterium	B919_uncultured bacterium	Bacteria
B92_uncultured Acidobacteriales bacterium	B92_uncultured Acidobacteriales bacterium	Bacteria
B920_Phaselicystis	B920_Phaselicystis	Bacteria
B926_Desulfomonile	B926_Desulfomonile	Bacteria
B9283_o_SJA-15	B9283_o_SJA-15	Bacteria
B929_uncultured Chloroflexi bacterium	B929_uncultured Chloroflexi bacterium	Bacteria
B93_uncultured	B93_uncultured	Bacteria
B930_uncultured soil bacterium PBS-III-20	B930_uncultured soil bacterium PBS-III-20	Bacteria
B931_Spirochaeta 2	B931_Spirochaeta 2	Bacteria
B932_uncultured	B932_uncultured	Bacteria
B935_Lacunisphaera	B935_Lacunisphaera	Bacteria
B939_Rhodoferax	B939_Rhodoferax	Bacteria
B94_f_Micropepsaceae	B94_f_Micropepsaceae	Bacteria
B940_Hymenobacter	B940_Hymenobacter	Bacteria
B942_f_SC-I-84	B942_f_SC-I-84	Bacteria
B946_GOUTB8	B946_GOUTB8	Bacteria
B947_Flavisolibacter	B947_Flavisolibacter	Bacteria
B9473_uncultured bacterium mle1-16	B9473_uncultured bacterium mle1-16	Bacteria
B949_o_NA	B949_o_NA	Bacteria
B95_o_RCP2-54	B95_o_RCP2-54	Bacteria
B950_f_Blastocatellaceae	B950_f_Blastocatellaceae	Bacteria
B9542_f_Parachlamydiaceae	B9542_f_Parachlamydiaceae	Bacteria
B96_Geobacter	B96_Geobacter	Bacteria
B9615_Candidatus Protochlamydia	B9615_Candidatus Protochlamydia	Bacteria
B964_Candidatus Berkiella	B964_Candidatus Berkiella	Bacteria
B9641_Gemmata	B9641_Gemmata	Bacteria
B97_Gaiella	B97_Gaiella	Bacteria
B9715_Aquicella	B9715_Aquicella	Bacteria
B973_Acidibacter	B973_Acidibacter	Bacteria
B978_Haliangium	B978_Haliangium	Bacteria
B98_uncultured	B98_uncultured	Bacteria
B982_Pseudomonas	B982_Pseudomonas	Bacteria
B99_ADurb.Bin063-1	B99_ADurb.Bin063-1	Bacteria
B996_f_Polyangiaceae	B996_f_Polyangiaceae	Bacteria
B997_Haliangium	B997_Haliangium	Bacteria
F1_Guehomyces	F1_Guehomyces	Fungi
F10_Mrakia	F10_Mrakia	Fungi
F1021_unidentified	F1021_unidentified	Fungi
F1027_Nadsonia	F1027_Nadsonia	Fungi
F103_o_NA	F103_o_NA	Fungi
F1030_o_NA	F1030_o_NA	Fungi
F1046_unidentified	F1046_unidentified	Fungi
F105_Zopfiella	F105_Zopfiella	Fungi
F106_o_Hypocreales	F106_o_Hypocreales	Fungi
F1080_unidentified	F1080_unidentified	Fungi
F1081_unidentified	F1081_unidentified	Fungi
F11_unidentified	F11_unidentified	Fungi
F110_unidentified	F110_unidentified	Fungi
F1101_unidentified	F1101_unidentified	Fungi
F1106_o_NA	F1106_o_NA	Fungi
F1107_Peziza	F1107_Peziza	Fungi
F1111_unidentified	F1111_unidentified	Fungi
F112_o_NA	F112_o_NA	Fungi
F113_Setophoma	F113_Setophoma	Fungi
F114_o_Helotiales	F114_o_Helotiales	Fungi
F117_o_Sordariales	F117_o_Sordariales	Fungi
F1171_unidentified	F1171_unidentified	Fungi
F1191_Talaromyces	F1191_Talaromyces	Fungi
F1195_unidentified	F1195_unidentified	Fungi
F120_o_NA	F120_o_NA	Fungi
F1202_o_NA	F1202_o_NA	Fungi
F1206_Septoriella	F1206_Septoriella	Fungi
F1208_o_NA	F1208_o_NA	Fungi
F121_o_NA	F121_o_NA	Fungi
F1214_o_NA	F1214_o_NA	Fungi
F1220_o_NA	F1220_o_NA	Fungi
F1229_unidentified	F1229_unidentified	Fungi
F123_f_Didymosphaeriaceae	F123_f_Didymosphaeriaceae	Fungi
F125_o_Leucosporidiales	F125_o_Leucosporidiales	Fungi
F126_o_Helotiales	F126_o_Helotiales	Fungi
F1279_Nakataea	F1279_Nakataea	Fungi
F1282_unidentified	F1282_unidentified	Fungi
F1293_unidentified	F1293_unidentified	Fungi
F1298_unidentified	F1298_unidentified	Fungi
F13_Schizothecium	F13_Schizothecium	Fungi
F1316_unidentified	F1316_unidentified	Fungi
F132_unidentified	F132_unidentified	Fungi
F1340_unidentified	F1340_unidentified	Fungi
F1343_o_NA	F1343_o_NA	Fungi
F135_Alternaria	F135_Alternaria	Fungi
F136_Spirosphaera	F136_Spirosphaera	Fungi
F137_o_NA	F137_o_NA	Fungi
F139_o_NA	F139_o_NA	Fungi
F1396_unidentified	F1396_unidentified	Fungi
F140_o_NA	F140_o_NA	Fungi
F1411_o_NA	F1411_o_NA	Fungi
F142_Mortierella	F142_Mortierella	Fungi
F1446_unidentified	F1446_unidentified	Fungi
F145_o_NA	F145_o_NA	Fungi
F1454_unidentified	F1454_unidentified	Fungi
F1455_unidentified	F1455_unidentified	Fungi
F147_Papiliotrema	F147_Papiliotrema	Fungi
F1473_unidentified	F1473_unidentified	Fungi
F148_unidentified	F148_unidentified	Fungi
F1490_unidentified	F1490_unidentified	Fungi
F15_o_Sordariales	F15_o_Sordariales	Fungi
F154_o_NA	F154_o_NA	Fungi
F1551_unidentified	F1551_unidentified	Fungi
F1575_unidentified	F1575_unidentified	Fungi
F1576_unidentified	F1576_unidentified	Fungi
F158_o_NA	F158_o_NA	Fungi
F1585_o_NA	F1585_o_NA	Fungi
F1594_unidentified	F1594_unidentified	Fungi
F16_Zopfiella	F16_Zopfiella	Fungi
F1600_unidentified	F1600_unidentified	Fungi
F161_Coprinellus	F161_Coprinellus	Fungi
F162_unidentified	F162_unidentified	Fungi
F1621_unidentified	F1621_unidentified	Fungi
F163_o_NA	F163_o_NA	Fungi
F1631_f_Leucosporidiaceae	F1631_f_Leucosporidiaceae	Fungi
F1638_unidentified	F1638_unidentified	Fungi
F165_o_NA	F165_o_NA	Fungi
F1669_o_Sebacinales	F1669_o_Sebacinales	Fungi
F1678_unidentified	F1678_unidentified	Fungi
F168_Podospora	F168_Podospora	Fungi
F1697_Fusarium	F1697_Fusarium	Fungi
F17_Cladosporium	F17_Cladosporium	Fungi
F170_unidentified	F170_unidentified	Fungi
F1703_unidentified	F1703_unidentified	Fungi
F1704_unidentified	F1704_unidentified	Fungi
F171_Thanatephorus	F171_Thanatephorus	Fungi
F1714_unidentified	F1714_unidentified	Fungi
F172_unidentified	F172_unidentified	Fungi
F1727_unidentified	F1727_unidentified	Fungi
F1728_unidentified	F1728_unidentified	Fungi
F174_Thanatephorus	F174_Thanatephorus	Fungi
F1745_o_NA	F1745_o_NA	Fungi
F175_o_NA	F175_o_NA	Fungi
F1751_unidentified	F1751_unidentified	Fungi
F1757_unidentified	F1757_unidentified	Fungi
F1761_unidentified	F1761_unidentified	Fungi
F1763_o_NA	F1763_o_NA	Fungi
F1786_unidentified	F1786_unidentified	Fungi
F1791_unidentified	F1791_unidentified	Fungi
F1795_unidentified	F1795_unidentified	Fungi
F1797_unidentified	F1797_unidentified	Fungi
F1799_unidentified	F1799_unidentified	Fungi
F18_Schizothecium	F18_Schizothecium	Fungi
F1823_o_NA	F1823_o_NA	Fungi
F184_o_Sordariales	F184_o_Sordariales	Fungi
F1866_unidentified	F1866_unidentified	Fungi
F188_unidentified	F188_unidentified	Fungi
F189_Nigrospora	F189_Nigrospora	Fungi
F1894_unidentified	F1894_unidentified	Fungi
F1896_unidentified	F1896_unidentified	Fungi
F1898_Exophiala	F1898_Exophiala	Fungi
F1916_Arthrinium	F1916_Arthrinium	Fungi
F1928_unidentified	F1928_unidentified	Fungi
F1938_unidentified	F1938_unidentified	Fungi
F194_Emericellopsis	F194_Emericellopsis	Fungi
F1948_o_NA	F1948_o_NA	Fungi
F196_o_NA	F196_o_NA	Fungi
F1963_unidentified	F1963_unidentified	Fungi
F1966_unidentified	F1966_unidentified	Fungi
F197_o_NA	F197_o_NA	Fungi
F1994_unidentified	F1994_unidentified	Fungi
F1997_unidentified	F1997_unidentified	Fungi
F205_Schizothecium	F205_Schizothecium	Fungi
F2056_unidentified	F2056_unidentified	Fungi
F207_o_Tremellales	F207_o_Tremellales	Fungi
F209_o_NA	F209_o_NA	Fungi
F2098_Podospora	F2098_Podospora	Fungi
F2099_unidentified	F2099_unidentified	Fungi
F210_Westerdykella	F210_Westerdykella	Fungi
F212_Penicillium	F212_Penicillium	Fungi
F2124_unidentified	F2124_unidentified	Fungi
F213_Mrakiella	F213_Mrakiella	Fungi
F214_o_NA	F214_o_NA	Fungi
F215_unidentified	F215_unidentified	Fungi
F216_o_NA	F216_o_NA	Fungi
F2161_unidentified	F2161_unidentified	Fungi
F218_unidentified	F218_unidentified	Fungi
F2180_o_NA	F2180_o_NA	Fungi
F2189_unidentified	F2189_unidentified	Fungi
F2198_unidentified	F2198_unidentified	Fungi
F22_Mortierella	F22_Mortierella	Fungi
F2200_o_NA	F2200_o_NA	Fungi
F2214_unidentified	F2214_unidentified	Fungi
F2224_unidentified	F2224_unidentified	Fungi
F224_Phaeoisaria	F224_Phaeoisaria	Fungi
F2245_unidentified	F2245_unidentified	Fungi
F2255_o_NA	F2255_o_NA	Fungi
F2256_o_NA	F2256_o_NA	Fungi
F2266_unidentified	F2266_unidentified	Fungi
F2268_unidentified	F2268_unidentified	Fungi
F2286_unidentified	F2286_unidentified	Fungi
F2303_unidentified	F2303_unidentified	Fungi
F2306_o_NA	F2306_o_NA	Fungi
F2328_unidentified	F2328_unidentified	Fungi
F233_Talaromyces	F233_Talaromyces	Fungi
F234_Mollisia	F234_Mollisia	Fungi
F235_f_Didymellaceae	F235_f_Didymellaceae	Fungi
F2358_unidentified	F2358_unidentified	Fungi
F237_Fusarium	F237_Fusarium	Fungi
F238_Sarocladium	F238_Sarocladium	Fungi
F2383_Fusarium	F2383_Fusarium	Fungi
F24_Schizothecium	F24_Schizothecium	Fungi
F2468_unidentified	F2468_unidentified	Fungi
F2486_unidentified	F2486_unidentified	Fungi
F25_o_Pleosporales	F25_o_Pleosporales	Fungi
F2500_unidentified	F2500_unidentified	Fungi
F253_unidentified	F253_unidentified	Fungi
F2557_unidentified	F2557_unidentified	Fungi
F258_o_NA	F258_o_NA	Fungi
F2583_unidentified	F2583_unidentified	Fungi
F2588_unidentified	F2588_unidentified	Fungi
F2589_unidentified	F2589_unidentified	Fungi
F26_unidentified	F26_unidentified	Fungi
F260_unidentified	F260_unidentified	Fungi
F2602_unidentified	F2602_unidentified	Fungi
F2603_unidentified	F2603_unidentified	Fungi
F2614_unidentified	F2614_unidentified	Fungi
F262_Mortierella	F262_Mortierella	Fungi
F2647_Rhizophydium	F2647_Rhizophydium	Fungi
F2660_unidentified	F2660_unidentified	Fungi
F2669_unidentified	F2669_unidentified	Fungi
F2680_unidentified	F2680_unidentified	Fungi
F2696_o_NA	F2696_o_NA	Fungi
F271_unidentified	F271_unidentified	Fungi
F2751_unidentified	F2751_unidentified	Fungi
F2769_o_NA	F2769_o_NA	Fungi
F277_o_Sordariales	F277_o_Sordariales	Fungi
F278_Mortierella	F278_Mortierella	Fungi
F28_o_Helotiales	F28_o_Helotiales	Fungi
F2823_unidentified	F2823_unidentified	Fungi
F283_f_Nectriaceae	F283_f_Nectriaceae	Fungi
F285_unidentified	F285_unidentified	Fungi
F286_Typhula	F286_Typhula	Fungi
F2867_o_NA	F2867_o_NA	Fungi
F288_Venturia	F288_Venturia	Fungi
F289_unidentified	F289_unidentified	Fungi
F29_Tetracladium	F29_Tetracladium	Fungi
F2919_unidentified	F2919_unidentified	Fungi
F292_Fusarium	F292_Fusarium	Fungi
F2924_o_NA	F2924_o_NA	Fungi
F2935_unidentified	F2935_unidentified	Fungi
F2942_unidentified	F2942_unidentified	Fungi
F2952_unidentified	F2952_unidentified	Fungi
F2953_unidentified	F2953_unidentified	Fungi
F3_Solicoccozyma	F3_Solicoccozyma	Fungi
F3001_unidentified	F3001_unidentified	Fungi
F3002_unidentified	F3002_unidentified	Fungi
F304_unidentified	F304_unidentified	Fungi
F3066_unidentified	F3066_unidentified	Fungi
F310_Mrakiella	F310_Mrakiella	Fungi
F3160_o_NA	F3160_o_NA	Fungi
F317_o_NA	F317_o_NA	Fungi
F3189_unidentified	F3189_unidentified	Fungi
F32_Dimorphospora	F32_Dimorphospora	Fungi
F320_unidentified	F320_unidentified	Fungi
F3229_unidentified	F3229_unidentified	Fungi
F323_o_NA	F323_o_NA	Fungi
F325_unidentified	F325_unidentified	Fungi
F326_o_NA	F326_o_NA	Fungi
F327_unidentified	F327_unidentified	Fungi
F3275_unidentified	F3275_unidentified	Fungi
F328_unidentified	F328_unidentified	Fungi
F329_unidentified	F329_unidentified	Fungi
F3306_unidentified	F3306_unidentified	Fungi
F331_unidentified	F331_unidentified	Fungi
F3317_unidentified	F3317_unidentified	Fungi
F3323_unidentified	F3323_unidentified	Fungi
F3332_unidentified	F3332_unidentified	Fungi
F3340_o_NA	F3340_o_NA	Fungi
F335_unidentified	F335_unidentified	Fungi
F3358_o_NA	F3358_o_NA	Fungi
F338_Trichomerium	F338_Trichomerium	Fungi
F341_o_NA	F341_o_NA	Fungi
F3426_unidentified	F3426_unidentified	Fungi
F3442_unidentified	F3442_unidentified	Fungi
F345_o_NA	F345_o_NA	Fungi
F3463_unidentified	F3463_unidentified	Fungi
F3475_o_Sordariales	F3475_o_Sordariales	Fungi
F3485_unidentified	F3485_unidentified	Fungi
F3487_o_NA	F3487_o_NA	Fungi
F3525_unidentified	F3525_unidentified	Fungi
F3535_unidentified	F3535_unidentified	Fungi
F354_o_NA	F354_o_NA	Fungi
F355_unidentified	F355_unidentified	Fungi
F356_Trichoderma	F356_Trichoderma	Fungi
F357_o_NA	F357_o_NA	Fungi
F358_o_NA	F358_o_NA	Fungi
F36_Fusicolla	F36_Fusicolla	Fungi
F3602_unidentified	F3602_unidentified	Fungi
F3611_unidentified	F3611_unidentified	Fungi
F3626_unidentified	F3626_unidentified	Fungi
F363_o_Pleosporales	F363_o_Pleosporales	Fungi
F3631_o_NA	F3631_o_NA	Fungi
F3669_unidentified	F3669_unidentified	Fungi
F3670_unidentified	F3670_unidentified	Fungi
F3674_o_NA	F3674_o_NA	Fungi
F3696_o_NA	F3696_o_NA	Fungi
F37_o_Hypocreales	F37_o_Hypocreales	Fungi
F371_unidentified	F371_unidentified	Fungi
F3714_unidentified	F3714_unidentified	Fungi
F3754_unidentified	F3754_unidentified	Fungi
F3770_unidentified	F3770_unidentified	Fungi
F3784_unidentified	F3784_unidentified	Fungi
F3788_unidentified	F3788_unidentified	Fungi
F38_Phaeosphaeria	F38_Phaeosphaeria	Fungi
F3802_unidentified	F3802_unidentified	Fungi
F3813_o_NA	F3813_o_NA	Fungi
F3814_unidentified	F3814_unidentified	Fungi
F382_o_NA	F382_o_NA	Fungi
F385_o_Sordariales	F385_o_Sordariales	Fungi
F3850_unidentified	F3850_unidentified	Fungi
F386_Scutellinia	F386_Scutellinia	Fungi
F388_o_NA	F388_o_NA	Fungi
F39_Mrakiella	F39_Mrakiella	Fungi
F3901_o_NA	F3901_o_NA	Fungi
F3926_unidentified	F3926_unidentified	Fungi
F3939_unidentified	F3939_unidentified	Fungi
F3941_unidentified	F3941_unidentified	Fungi
F395_o_NA	F395_o_NA	Fungi
F3955_unidentified	F3955_unidentified	Fungi
F3956_o_Sordariales	F3956_o_Sordariales	Fungi
F399_unidentified	F399_unidentified	Fungi
F4_Pseudeurotium	F4_Pseudeurotium	Fungi
F40_o_NA	F40_o_NA	Fungi
F4013_unidentified	F4013_unidentified	Fungi
F406_Mortierella	F406_Mortierella	Fungi
F4068_o_Helotiales	F4068_o_Helotiales	Fungi
F409_o_NA	F409_o_NA	Fungi
F4105_unidentified	F4105_unidentified	Fungi
F4133_Trametes	F4133_Trametes	Fungi
F414_unidentified	F414_unidentified	Fungi
F415_Devriesia	F415_Devriesia	Fungi
F417_Cryptococcus	F417_Cryptococcus	Fungi
F418_o_NA	F418_o_NA	Fungi
F42_Arnium	F42_Arnium	Fungi
F420_o_NA	F420_o_NA	Fungi
F422_o_NA	F422_o_NA	Fungi
F4223_unidentified	F4223_unidentified	Fungi
F427_o_NA	F427_o_NA	Fungi
F4277_unidentified	F4277_unidentified	Fungi
F4297_o_NA	F4297_o_NA	Fungi
F430_o_NA	F430_o_NA	Fungi
F434_o_NA	F434_o_NA	Fungi
F4372_unidentified	F4372_unidentified	Fungi
F4393_unidentified	F4393_unidentified	Fungi
F4399_o_NA	F4399_o_NA	Fungi
F4407_unidentified	F4407_unidentified	Fungi
F443_unidentified	F443_unidentified	Fungi
F4436_unidentified	F4436_unidentified	Fungi
F4437_unidentified	F4437_unidentified	Fungi
F447_o_NA	F447_o_NA	Fungi
F4478_unidentified	F4478_unidentified	Fungi
F448_o_NA	F448_o_NA	Fungi
F4481_o_NA	F4481_o_NA	Fungi
F4493_f_Didymosphaeriaceae	F4493_f_Didymosphaeriaceae	Fungi
F450_o_NA	F450_o_NA	Fungi
F4509_Mortierella	F4509_Mortierella	Fungi
F4530_o_NA	F4530_o_NA	Fungi
F456_o_NA	F456_o_NA	Fungi
F457_o_NA	F457_o_NA	Fungi
F4580_Pseudeurotium	F4580_Pseudeurotium	Fungi
F464_o_NA	F464_o_NA	Fungi
F467_unidentified	F467_unidentified	Fungi
F468_unidentified	F468_unidentified	Fungi
F47_Schizothecium	F47_Schizothecium	Fungi
F4710_unidentified	F4710_unidentified	Fungi
F472_unidentified	F472_unidentified	Fungi
F474_unidentified	F474_unidentified	Fungi
F4755_unidentified	F4755_unidentified	Fungi
F4774_unidentified	F4774_unidentified	Fungi
F4786_o_NA	F4786_o_NA	Fungi
F48_unidentified	F48_unidentified	Fungi
F4806_o_NA	F4806_o_NA	Fungi
F4833_unidentified	F4833_unidentified	Fungi
F484_Mortierella	F484_Mortierella	Fungi
F4846_unidentified	F4846_unidentified	Fungi
F485_unidentified	F485_unidentified	Fungi
F4858_unidentified	F4858_unidentified	Fungi
F4869_unidentified	F4869_unidentified	Fungi
F487_o_NA	F487_o_NA	Fungi
F488_Arnium	F488_Arnium	Fungi
F4926_Exserohilum	F4926_Exserohilum	Fungi
F496_unidentified	F496_unidentified	Fungi
F4966_o_NA	F4966_o_NA	Fungi
F5_Schizothecium	F5_Schizothecium	Fungi
F501_unidentified	F501_unidentified	Fungi
F509_unidentified	F509_unidentified	Fungi
F513_unidentified	F513_unidentified	Fungi
F5162_unidentified	F5162_unidentified	Fungi
F518_f_Orbiliaceae	F518_f_Orbiliaceae	Fungi
F5182_unidentified	F5182_unidentified	Fungi
F5184_unidentified	F5184_unidentified	Fungi
F520_o_NA	F520_o_NA	Fungi
F5216_unidentified	F5216_unidentified	Fungi
F526_unidentified	F526_unidentified	Fungi
F529_o_NA	F529_o_NA	Fungi
F533_o_Hypocreales	F533_o_Hypocreales	Fungi
F535_o_NA	F535_o_NA	Fungi
F54_unidentified	F54_unidentified	Fungi
F541_Neobulgaria	F541_Neobulgaria	Fungi
F5414_unidentified	F5414_unidentified	Fungi
F542_unidentified	F542_unidentified	Fungi
F5498_unidentified	F5498_unidentified	Fungi
F55_o_NA	F55_o_NA	Fungi
F552_o_NA	F552_o_NA	Fungi
F5567_o_NA	F5567_o_NA	Fungi
F5623_unidentified	F5623_unidentified	Fungi
F5632_o_NA	F5632_o_NA	Fungi
F5642_unidentified	F5642_unidentified	Fungi
F5662_o_NA	F5662_o_NA	Fungi
F5663_o_NA	F5663_o_NA	Fungi
F5667_f_Aspergillaceae	F5667_f_Aspergillaceae	Fungi
F567_Acremonium	F567_Acremonium	Fungi
F568_unidentified	F568_unidentified	Fungi
F57_Saitozyma	F57_Saitozyma	Fungi
F572_o_NA	F572_o_NA	Fungi
F5731_unidentified	F5731_unidentified	Fungi
F5739_unidentified	F5739_unidentified	Fungi
F578_o_NA	F578_o_NA	Fungi
F58_unidentified	F58_unidentified	Fungi
F580_unidentified	F580_unidentified	Fungi
F5809_o_NA	F5809_o_NA	Fungi
F589_unidentified	F589_unidentified	Fungi
F5892_Dioszegia	F5892_Dioszegia	Fungi
F5902_Penicillium	F5902_Penicillium	Fungi
F5937_unidentified	F5937_unidentified	Fungi
F598_unidentified	F598_unidentified	Fungi
F600_unidentified	F600_unidentified	Fungi
F601_o_NA	F601_o_NA	Fungi
F604_o_NA	F604_o_NA	Fungi
F6064_unidentified	F6064_unidentified	Fungi
F610_Mortierella	F610_Mortierella	Fungi
F612_unidentified	F612_unidentified	Fungi
F614_unidentified	F614_unidentified	Fungi
F618_unidentified	F618_unidentified	Fungi
F619_unidentified	F619_unidentified	Fungi
F6191_o_Helotiales	F6191_o_Helotiales	Fungi
F6216_o_NA	F6216_o_NA	Fungi
F6238_unidentified	F6238_unidentified	Fungi
F629_unidentified	F629_unidentified	Fungi
F63_o_NA	F63_o_NA	Fungi
F631_unidentified	F631_unidentified	Fungi
F6316_Phialocephala	F6316_Phialocephala	Fungi
F645_unidentified	F645_unidentified	Fungi
F646_o_NA	F646_o_NA	Fungi
F649_unidentified	F649_unidentified	Fungi
F655_o_NA	F655_o_NA	Fungi
F66_Arnium	F66_Arnium	Fungi
F6635_f_Hyaloscyphaceae	F6635_f_Hyaloscyphaceae	Fungi
F666_unidentified	F666_unidentified	Fungi
F674_o_NA	F674_o_NA	Fungi
F68_o_NA	F68_o_NA	Fungi
F69_o_NA	F69_o_NA	Fungi
F692_unidentified	F692_unidentified	Fungi
F6927_unidentified	F6927_unidentified	Fungi
F6988_o_NA	F6988_o_NA	Fungi
F711_o_NA	F711_o_NA	Fungi
F72_o_NA	F72_o_NA	Fungi
F724_Serendipita	F724_Serendipita	Fungi
F7272_unidentified	F7272_unidentified	Fungi
F73_Cyberlindnera	F73_Cyberlindnera	Fungi
F7306_unidentified	F7306_unidentified	Fungi
F7350_unidentified	F7350_unidentified	Fungi
F7439_unidentified	F7439_unidentified	Fungi
F748_Aureobasidium	F748_Aureobasidium	Fungi
F75_Pyrenochaetopsis	F75_Pyrenochaetopsis	Fungi
F750_unidentified	F750_unidentified	Fungi
F7698_unidentified	F7698_unidentified	Fungi
F77_unidentified	F77_unidentified	Fungi
F779_o_Sordariales	F779_o_Sordariales	Fungi
F78_o_NA	F78_o_NA	Fungi
F783_o_NA	F783_o_NA	Fungi
F8_unidentified	F8_unidentified	Fungi
F80_o_Hypocreales	F80_o_Hypocreales	Fungi
F804_unidentified	F804_unidentified	Fungi
F81_Schizothecium	F81_Schizothecium	Fungi
F8113_unidentified	F8113_unidentified	Fungi
F813_Paranamyces	F813_Paranamyces	Fungi
F814_o_NA	F814_o_NA	Fungi
F827_unidentified	F827_unidentified	Fungi
F841_o_Polyporales	F841_o_Polyporales	Fungi
F85_o_Sordariales	F85_o_Sordariales	Fungi
F869_o_NA	F869_o_NA	Fungi
F870_Dioszegia	F870_Dioszegia	Fungi
F88_unidentified	F88_unidentified	Fungi
F881_unidentified	F881_unidentified	Fungi
F882_Ganoderma	F882_Ganoderma	Fungi
F895_unidentified	F895_unidentified	Fungi
F9_o_NA	F9_o_NA	Fungi
F90_unidentified	F90_unidentified	Fungi
F91_unidentified	F91_unidentified	Fungi
F913_o_NA	F913_o_NA	Fungi
F92_Paraphaeosphaeria	F92_Paraphaeosphaeria	Fungi
F927_Dimorphospora	F927_Dimorphospora	Fungi
F93_o_NA	F93_o_NA	Fungi
F931_Saccharicola	F931_Saccharicola	Fungi
F932_Tilletia	F932_Tilletia	Fungi
F94_f_Didymellaceae	F94_f_Didymellaceae	Fungi
F949_Serendipita	F949_Serendipita	Fungi
F96_unidentified	F96_unidentified	Fungi
F98_f_Hypocreales_fam_Incertae_sedis	F98_f_Hypocreales_fam_Incertae_sedis	Fungi
F984_o_NA	F984_o_NA	Fungi
F99_f_Nectriaceae	F99_f_Nectriaceae	Fungi
F994_unidentified	F994_unidentified	Fungi
